Node 1,Node 2,R (% on 100 MVA),X (% on 100 MVA),B (% on 100 MVA),Rating (MVA)
ABNE1Q,ABNE3-,0.2265,24.724,-0.0048,120.0
ABNE1R,ABNE3-,0.2283,24.6239,-0.0018,120.0
BEAU21,BEAU11,0.6785,12.1895,-0.0003,120.0
BEAU4-,BEAU21,0.0376,1.5954,-0.1302,1200.0
BEAU4-,BEAU21,0.0374,1.5937,-0.1258,1200.0
BEIN1-,BEIN31,0.1925,10.3315,-0.0031,120.0
BLHI21,BLHI11,0.1506,5.3034,-0.022,360.0
BLHI21,BLHI11,0.1486,5.3035,-0.0319,360.0
BOAG1R,BOAG3-,0.6051,24.826,-0.0118,60.0
BRID1J,BRID3-,0.6331,28.7597,-0.1392,60.0
BRID1K,BRID3-,0.6369,28.943,-0.1392,60.0
BROA1Q,BROA3-,2.4822,38.9209,-0.076,30.0
BROR1-,BROR3-,0.809,24.8757,-0.0164,45.0
BUMU1R,BUMU3-,0.3758,25.4194,-0.0694,90.0
CASS1Q,CASS3-,1.5181,39.6376,-0.0263,30.0
CHAR11,CHAR3-,0.4409,26.9742,-0.0494,90.0
CHAR11,CHAR3-,0.442,27.0408,-0.0494,90.0
CONN2Q,CONN1J,0.143,5.3036,-0.0252,360.0
CORI11,CORI3-,0.4571,19.8836,-0.0158,90.0
COUA1N,COUA3-,0.2143,25.0741,-0.0002,120.0
CRAI12,CRAI3-,1.7486,30.2161,-0.0475,30.0
CREA1-,CREA3-,0.329,9.9362,-0.0533,120.0
CRSS1B,CRSS11,0.0582,2.1492,-0.0003,240.0
DORE1J,DORE3J,0.2099,9.8894,-0.0003,120.0
DOUN21,DOUN11,0.2112,7.7054,-0.0236,240.0
DUBE1-,DUBE3-,1.5189,39.3707,-0.0261,30.0
DUNO1R,DUNO3-,1.9932,24.4968,-0.0163,45.0
ERRO11,ERRO1C,0.1833,3.7288,0.0,150.0
FARI2J,FARI1J,0.4989,8.2933,-0.0546,120.0
FAUG2Q,FAUG11,0.2606,7.7039,-0.02,240.0
FINL1Q,FINL5-,0.9554,27.0943,-0.0051,45.0
FRAS1R,FRAS3-,0.7452,26.9008,-0.0467,45.0
FYRI2K,FYRI11,0.0967,3.8863,-0.0589,480.0
GRUB1Q,GRUB3-,0.4445,24.8738,-0.0505,90.0
INNE1K,INNE3-,0.8987,27.9856,-0.1392,60.0
KEIT11,KEIT31,0.555,28.5502,-0.0492,90.0
KEIT12,KEIT32,0.4521,25.8961,-0.0492,90.0
KIIN12,KIIN3-,0.7689,24.5213,-0.0079,45.0
LUIC1R,LUIC5B,0.7669,37.5477,-0.0075,45.0
LUNA1Q,LUNA3-,0.4555,25.0181,-0.049,90.0
MACD1R,MACD3-,0.3678,25.3418,-0.0601,90.0
MELG41,MELG11,0.108,3.9569,-0.078,480.0
MILW1-,MILW3-,0.4654,24.8957,-0.0165,90.0
MYBS1S,MYBS31,0.3837,24.9804,-0.002,120.0
MYBS1T,MYBS31,0.2578,24.757,-0.0412,120.0
MYBS1T,MYBS31,0.3773,24.9805,-0.0268,120.0
ORRI1Q,ORRI5-,2.1751,48.7015,-0.0933,20.0
PEHE21,PEHE11,0.4842,9.9549,-0.1024,240.0
PEHE21,PEHE11,0.2649,9.2254,-0.0285,240.0
PEHE2B,PEHE21,0.026,1.533,-0.0005,1200.0
PEHE41,PEHE21,0.0265,1.624,-0.121,1200.0
PERS2Q,PERS11,0.3363,8.9062,-0.2373,240.0
QUOI1-,QUOI5-,1.3392,33.1063,-0.012,30.0
RANN1Q,RANN3-,0.4331,24.6629,-0.0042,90.0
RANN1R,RANN3-,0.4312,24.5518,-0.0042,90.0
REDM1Q,REDM3-,0.9095,26.9847,-0.0157,60.0
ROTI41,ROTI3J,0.2061,24.5241,-0.0378,120.0
SFEE1Q,SFEE5-,1.3274,76.6552,-0.0088,36.0
SHIN11,SHIN3-,0.4495,26.0517,-0.0002,90.0
SLOY1P,SLOY5P,0.8001,23.1862,-0.0149,50.0
STRL1-,STRL3C,0.2021,17.6655,-0.0003,120.0
STRW1-,STRW3-,0.3634,17.5518,-0.0002,90.0
TARL1J,TARL3-,1.0755,40.9859,-0.0216,30.0
TAYN1Q,TAYN3-,0.3145,28.6983,-0.0033,90.0
THUS21,THUS11,0.1,3.9362,-0.049,480.0
TUMM2J,TUMM1J,0.259,7.7457,-0.0239,240.0
VIKE1S,VIKE3S,0.3704,11.1049,-0.0003,135.0
WOHI1Q,WOHI3-,0.6199,27.2374,-0.0494,90.0
AIGA1Q,AIGA5-,1.7562,44.8545,-0.0001,23.0
ALNE1Q,ALNE3J,0.3715,26.189,-0.0002,120.0
ARDK1-,ARDK3-,0.8056,24.8758,-0.0163,45.0
BEAU21,BEAU11,0.6786,12.1644,-0.0003,120.0
BLHI41,BLHI21,0.0264,1.5331,-0.0947,1200.0
BLHI41,BLHI21,0.0262,1.5331,-0.0911,1200.0
BOAG1Q,BOAG3-,0.6105,24.9925,-0.0002,60.0
BRCW2J,BRCW3-,0.2893,19.9146,-0.0155,120.0
BUMU1Q,BUMU3-,0.3661,25.3751,-0.0694,90.0
CAAD1R,CAAD31,0.2558,24.832,-0.007,120.0
CAIN2-,CAIN3J,0.379,18.0794,-0.0241,120.0
CLAY1Q,CLAY3-,0.8719,24.9014,-0.2968,60.0
CLAY1T,CLAY3-,0.8719,24.9014,-0.2968,60.0
CLUN1Q,CLUN5J,0.7305,19.5197,-0.0851,60.0
COGA1-,COGA3-,0.2691,17.8869,-0.0097,90.0
CORI11,CORI3B,0.3843,17.7403,-0.0056,90.0
COUA1S,COUA3-,0.2152,25.1241,-0.0002,120.0
CRAR1R,CRAR3-,0.4031,17.7732,-0.0172,90.0
CRSS11,CRSS3-,0.4099,17.9953,-0.0168,90.0
CRSS1A,CRSS11,0.0582,2.145,-0.0058,240.0
CRSS2A,CRSS11,0.2466,9.0008,-0.0169,240.0
CULL1-,CULL5-,1.5094,37.5697,-0.2165,25.0
DORE1K,DORE3K,0.2099,9.8894,-0.0003,120.0
DOUN11,DOUN3-,0.4796,26.0734,-0.0407,90.0
DOUN11,DOUN3-,0.4573,25.9515,-0.0405,90.0
DUDH1R,DUDH3-,0.7797,23.9206,-0.0118,60.0
DUNM1-,DUNM3-,0.1823,17.6657,-0.0212,120.0
DYCE1K,DYCE3-,0.4015,24.819,-0.0169,90.0
ELGI1Q,ELGI3-,0.6255,27.9708,-0.1022,90.0
ELGI1R,ELGI3-,0.6289,27.7707,-0.1949,90.0
ERRO11,ERRO1B,0.04,1.9413,0.0,240.0
ERRO11,ERRO5L,0.7108,26.2571,-0.0851,60.0
FAAR1Q,FAAR3J,0.8997,28.3302,-0.0492,90.0
FASN2Q,FASN31,0.2896,19.9146,-0.0075,120.0
FAUG41,FAUG12,0.1047,4.0403,-0.076,480.0
FAUG41,FAUG11,0.3185,8.4523,-0.1495,240.0
FERO1-,FERO3-,0.3506,10.5053,-0.0744,90.0
FETT1-,FETT3S,0.38,25.0638,-0.0263,120.0
FWIL1Q,FWIL3-,0.3663,26.2141,-0.0266,120.0
GLEN1-,GLEN5-,0.5499,21.936,-0.3488,70.0
GLFA1-,GLFA3-,0.5915,27.2269,-0.0002,90.0
GREM1K,GREM3-,0.5828,24.9932,0.0,90.0
GRIF1T,GRIF3K,0.2466,16.2481,-0.0116,120.0
INNE1J,INNE3-,0.45,26.774,-0.0494,90.0
INVB2A,INVR11,0.2217,4.3026,-0.0409,240.0
INVB2B,INVR11,0.2164,4.257,-0.0381,240.0
KEIT12,KEIT31,0.5567,28.639,-0.0492,90.0
KEIT2R,KEIT12,0.3328,8.9105,-0.2242,240.0
KIIN11,KIIN3-,0.7745,24.8768,-0.0079,45.0
KINT21,KINT11,0.3751,10.2306,-0.0845,240.0
KINT2A,KINT11,0.3771,10.193,-0.1037,240.0
KINT4A,KINT21,0.0271,1.6306,-0.126,1200.0
KIOR1-,KIOR5-,1.7809,45.4318,-0.0001,22.0
KNOC21,KNOC11,0.2216,4.311,-0.0437,240.0
KNOC21,KNOC11,0.2205,4.3319,-0.0355,240.0
LOCB21,LOCB11,0.22,8.197,-0.0263,240.0
LOCH1-,LOCH5K,0.9553,38.766,-0.0122,36.0
MACD1Q,MACD3-,0.3691,25.264,-0.0505,90.0
MYBS1S,MYBS31,0.2645,24.6069,-0.0264,120.0
MYBS1S,MYBS31,0.3773,24.9805,-0.0268,120.0
PEHE11,PEHS5-,2.5547,41.9222,0.0,15.0
PEHE41,PEHE21,0.0263,1.6265,-0.1101,1200.0
PERS2R,PERS11,0.3341,8.8645,-0.2414,240.0
SFIL1Q,SFIL5-,2.0136,39.9493,-0.0199,25.0
SHIN11,SHIN5-,1.5767,75.5085,-0.0038,40.0
SLOY1M,SLOY5M,0.79,22.8864,-0.0157,50.0
SLOY1N,SLOY5N,0.7941,22.9663,-0.0144,50.0
SPIT21,SPIT11,0.2184,8.2304,-0.0228,240.0
SPIT21,SPIT11,0.2184,8.1846,-0.0213,240.0
SPIT21,SPIT11,0.1287,4.99,-0.0382,360.0
SPIT21,SPIT11,0.1307,4.99,-0.0407,360.0
STRI1R,STRI3-,0.497,24.3283,-0.0002,90.0
STRL1-,STRL3A,0.2008,17.6489,-0.0003,120.0
TARL1K,TARL3-,1.0396,39.6197,-0.0261,30.0
TAYN1R,TAYN3-,0.3154,28.7872,-0.0033,90.0
THUS11,THUS3-,0.2613,24.7403,-0.0266,120.0
THUS21,THUS11,0.0985,3.9363,-0.0584,480.0
TOMT2K,TOMT11,0.0981,3.9384,-0.0517,480.0
TUMB1Q,TUMB5-,1.6295,77.7448,-0.0986,21.0
TUMB1R,TUMB5-,1.6066,76.6498,-0.0986,21.0
TUMM2K,TUMM1K,0.2595,7.829,-0.0229,240.0
VIKE1Q,VIKE3Q,0.3704,11.1049,-0.0003,135.0
WIOW1Q,WIOW3-,0.8854,24.6508,-0.0118,60.0
ALNE1R,ALNE3J,0.3696,26.0307,-0.0031,120.0
ANSU1-,ANSU3-,0.8997,24.8949,-0.0163,45.0
ARBR1Q,ARBR3-,0.7044,28.2801,-0.0117,45.0
ARBR1R,ARBR3-,0.7038,28.2579,-0.0117,45.0
ARMO1-,ARMO3-,0.615,17.8227,-0.0129,60.0
BEAU11,BEAU1A,0.1833,3.7288,0.0,150.0
BEAU11,BEAU1B,0.1833,3.7288,0.0,150.0
BEAU11,BEAU3-,1.0404,27.736,-0.0117,45.0
BEAU21,BEAU11,0.6786,12.2312,-0.0003,120.0
BEAU4-,BEAU21,0.0374,1.5937,-0.0004,1200.0
BERB2Q,BERB3-,0.292,19.8312,-0.0092,120.0
BHLA1-,BHLA3-,0.1987,17.5739,-0.0199,120.0
BRCW2K,BRCW3-,0.2893,19.9146,-0.0159,120.0
CAAD1Q,CAAD31,0.2543,24.832,-0.0049,120.0
CAAD1Q,CAAD32,0.2546,24.832,-0.0049,120.0
CAAD1R,CAAD32,0.2558,24.832,-0.007,120.0
CEAN1Q,CEAN5-,0.9943,36.7199,-0.012,30.0
CLAC1Q,CLAC5-,0.7672,25.5718,-0.0851,60.0
CLUN1R,CLUN5K,0.7051,19.5373,-0.0788,60.0
CRAI11,CRAI3-,1.7798,29.847,-0.0541,30.0
CRSS2B,CRSS11,0.2459,9.0175,-0.0242,240.0
DAAS2-,DAAS3-,0.292,19.8312,-0.0092,120.0
DEAN1Q,DEAN5-,1.0125,25.0796,-0.1926,40.0
DOUN21,DOUN11,0.2237,7.9135,-0.0246,240.0
DUDH1Q,DUDH3-,0.7798,24.9211,-0.0118,60.0
DUGR1Q,DUGR3-,0.6165,17.6559,-0.0129,60.0
DUNO1Q,DUNO3-,1.9925,24.4077,-0.0163,45.0
DYCE1J,DYCE3-,0.3975,24.7301,-0.0165,90.0
EDIN1-,EDIN3-,0.5584,16.9908,-0.0118,60.0
ERRO11,ERRO1A,0.04,1.9413,0.0,240.0
ERRO11,ERRO5J,0.7049,26.0405,-0.0851,60.0
FAAR1R,FAAR3K,0.8968,28.2413,-0.0492,90.0
FARI2K,FARI1K,0.4955,8.3186,-0.0546,120.0
FASN2R,FASN31,0.2892,20.1646,-0.0146,120.0
FAUG11,FAUG3-,0.5432,24.9941,-0.0141,90.0
FAUG2R,FAUG11,0.2629,7.7038,-0.0247,240.0
FAUG41,FAUG12,0.106,4.0403,-0.0815,480.0
FAUG41,FAUG11,0.2149,8.0138,-0.0749,240.0
FETT21,FETT1-,0.217,4.2737,-0.0329,240.0
FIDD1Q,FIDD3-,0.4568,26.2294,-0.0404,90.0
FIDD1R,FIDD11,0.1042,3.8919,0.0,150.0
FIDD1R,FIDD3-,0.4564,26.0849,-0.0406,90.0
FRAS1Q,FRAS3-,0.7452,26.9008,-0.0467,45.0
FWIL1R,FWIL3-,0.3693,26.3141,-0.0264,120.0
FYRI2J,FYRI11,0.0971,3.8738,-0.0474,480.0
GORW2-,GORW3-,0.2579,20.0567,-0.0395,120.0
GREM1J,GREM3-,0.5828,24.9932,0.0,90.0
GRIF1S,GRIF3J,0.2479,16.2981,-0.0105,120.0
GRUB1R,GRUB3-,0.4364,24.9962,-0.0505,90.0
INGA1Q,INGA5-,1.1691,25.006,-0.0053,30.0
INNE1L,INNE3-,0.8959,27.8523,-0.108,60.0
KEIT11,KEIT32,0.3504,25.2753,-0.0601,90.0
KEIT2Q,KEIT11,0.2735,8.6123,-0.029,240.0
KILO1-,KILO3-,0.8801,27.7861,-0.0117,45.0
KINT11,KINT3-,0.4561,26.1071,-0.0405,90.0
KINT11,KINT3-,1.0391,27.6305,-0.0002,60.0
KINT2B,KINT11,0.6786,12.1477,-0.0003,120.0
KINT4B,KINT21,0.0266,1.6248,-0.1115,1200.0
LAIR1Q,LAIR3-,0.4521,24.6736,-0.0491,90.0
LIMK1-,LIMK3-,0.2426,17.9984,0.0,120.0
LOCB21,LOCB11,0.2181,8.1262,-0.025,240.0
LOCH1-,LOCH5J,0.9531,38.8216,-0.012,36.0
LUIC1Q,LUIC5A,0.7632,37.5478,-0.0059,45.0
LUNA1R,LUNA3-,0.2621,24.6736,-0.0263,120.0
LYND1Q,LYND3-,0.7797,24.2875,-0.0118,60.0
LYND1R,LYND3-,0.7796,24.721,-0.0118,60.0
MELG41,MELG11,0.1061,3.9569,-0.0772,480.0
MILC1T,MILC3-,0.7798,24.8211,-0.0118,60.0
MILC1V,MILC3-,0.8796,28.1196,-0.1392,60.0
MOSS1Q,MOSS5A,1.1913,36.8474,-0.0049,30.0
MOSS1R,MOSS5B,1.2135,36.9134,-0.0056,30.0
MYBS1T,MYBS31,0.3837,24.9804,-0.002,120.0
NAIR1Q,NAIR3-,1.0542,28.5806,-0.0135,60.0
NAIR1R,NAIR3-,1.0488,28.5808,-0.0148,60.0
NANT1-,NANT5-,1.4756,56.6475,-0.1494,30.0
ORRI1R,ORRI3-,0.5634,16.8239,-0.0122,60.0
PEHE21,PEHE11,0.3422,8.8892,-0.2099,240.0
PEHE2A,PEHE21,0.026,1.533,-0.0005,1200.0
PEHG1Q,PEHG3-,1.05,28.4028,-0.0117,45.0
PEHG1R,PEHG3-,1.05,28.4028,-0.0117,45.0
PERS11,PERS3-,0.4492,25.9961,-0.0149,90.0
PERS11,PERS3-,0.4411,25.9296,-0.0151,90.0
PORA1Q,PORA3-,1.8024,29.8122,-0.0503,30.0
PORA1R,PORA3-,1.8024,29.8122,-0.0503,30.0
REDM1R,REDM3-,0.8997,27.8188,-0.0157,60.0
ROTI41,ROTI3K,0.2106,24.5158,-0.0382,120.0
SFEE1R,SFEE5-,1.3287,76.6552,-0.0001,36.0
SHIN11,SHIN3-,0.4614,26.2182,-0.0183,90.0
SLOY1L,SLOY5L,0.791,23.0664,-0.0157,50.0
STRB2-,STRB3-,0.2098,19.8739,-0.0215,120.0
STRI1Q,STRI3-,0.5028,24.4393,-0.0019,90.0
STRL1-,STRL3B,0.2009,17.7405,-0.0003,120.0
TEAL21,TEAL11,0.3619,10.1602,-0.0384,180.0
TEAL21,TEAL11,0.2564,11.7305,-0.0424,180.0
TEAL21,TEAL11,0.5506,11.8761,-0.0004,180.0
THUS11,THUS3-,0.2621,24.6736,-0.0263,120.0
TOMT2J,TOMT11,0.098,3.905,-0.0541,480.0
VIKE1P,VIKE3P,0.3704,11.1049,-0.0003,135.0
VIKE1R,VIKE3R,0.3704,11.1049,-0.0003,135.0
WIOW1R,WIOW3-,0.8795,24.4842,-0.0118,60.0
WOHI1R,WOHI3-,0.6099,27.3043,-0.0494,90.0
