Site Code,Site Name,Voltage (kV)
ABNE,ABERNETHY,33.0
ACHE,ACHANY EXTENSION,33.0
AIGA,AIGAS HYDRO,132.0
AIGA,AIGAS HYDRO,11.0
ALNE,ALNESS GSP,33.0
ANSN,AN SUIDHE NORTH,275.0
ANSN,AN SUIDHE NORTH,33.0
ANSU,AN SUIDHE,132.0
ARMO,ARDMORE,33.0
BAGP,BAILLIE GREENER GRID PARK,275.0
BALA,BALALLAN,132.0
BEAU,BEAULY,132.0
BEAU,BEAULY,275.0
BERB,BERRY BURN,275.0
BEWF,BEAW FIELD,33.0
BHLA,BHLARAIDH WIND FARM,132.0
BHLA,BHLARAIDH WIND FARM,33.0
BLBS,BLACKHILLOCK BATTERY STORAGE,33.0
BLEX,BHLARAIDH EXTENSION,132.0
BLEX,BHLARAIDH EXTENSION,33.0
BLHI,BLACKHILLOCK,275.0
BOAG,BOAT OF GARTEN,132.0
BOAG,BOAT OF GARTEN,33.0
BONB,BONNYBRIDGE BORDER NODE,275.0
BROA,BROADFORD,132.0
BUMU,BURGHMUIR,33.0
CAID,CAIRN DUHIE WIND FARM,275.0
CLAC,CLACHAN,132.0
CLAY,CLAYHILLS,33.0
CLGO,CLASH GOUR WIND FARM,132.0
CLOI,CLOICHE WIND FARM,132.0
CLUN,CLUNIE,132.0
CLUN,CLUNIE,11.0
COGA,CORRIEGARTH WIND FARM,33.0
CRAI,CRAIGIEBUCKLER,33.0
CRAR,CRARAE,132.0
CRAS,CRARAE SOUTH,275.0
CRMU,CRAIG MURRAIL,275.0
CRSS,CROSSAIG,132.0
DAAS,DALLAS SUBSTATION,275.0
DALB,DALMALLY BORDER NODE,275.0
DEAW,DEANIE WEST,132.0
DENS,DENSIDE,132.0
DLCH,DALCHORK,132.0
DOUN,DOUNREAY,132.0
DOUN,DOUNREAY,400.0
DUBE,DUNBEATH,132.0
DUCC,DUNMORE CABLE COMPOUND,132.0
DUDH,DUDHOPE,132.0
DUDH,DUDHOPE,33.0
DUNM,DUNMAGLASS,132.0
DUNO,DUNOON,33.0
DYCE,DYCE,132.0
EARR,EARRAGHAIL,33.0
ELGI,ELGIN,132.0
EMMO,EMMOCK,400.0
FARI,FARIGAIG,132.0
FARI,FARIGAIG,275.0
FASN,FASNAKYLE,132.0
FASN,FASNAKYLE,275.0
FASN,FASNAKYLE,33.0
FAUG,FORT AUGUSTUS,132.0
FAUG,FORT AUGUSTUS,33.0
FERO,FERNOCH WIND,132.0
FINL,FINLARIG,11.0
FINS,ORKNEY FINSTOWN,132.0
FINS,ORKNEY FINSTOWN,33.0
FOGG,FOGGIETON,132.0
FOYE,FOYERS,
FYRI,FYRISH,132.0
GARB,GARELOCH BOUNDARY,132.0
GLAG,GLENAGNES,132.0
GLDY,GLENDYE,132.0
GLFA,GLENFARCLAS,132.0
GLNU,GLEN ULLINISH WINDFARM,132.0
GLRB,GLENROTHES BOUNDARY,275.0
GORW,GORDONBUSH WINDFARM,33.0
GREM,GREMISTA,132.0
GRNS,GREENS,400.0
GRUB,GRUDIE BRIDGE,132.0
HICL,HIGH CONSTELLATION,132.0
HUNN,HUNTERSTON NORTH,275.0
HURL,HURLIE,400.0
INVB,INVERANAN BOUNDARY,275.0
INVR,INVERARNAN,132.0
KEIT,KEITH,132.0
KEIT,KEITH,33.0
KIIN,KILLIN,33.0
KILC,KILLIN CASCADE GROUP,132.0
KILO,KINLOCHLEVEN,33.0
KINB,KINCARDINE BOUNDARY,275.0
KINM,KINMUCK,275.0
KINT,KINTORE,33.0
KION,KILMORACK NORTH,132.0
KNOC,KNOCKNAGAEL,132.0
KRKN,KIRKTON,132.0
KRKN,KIRKTON,33.0
LAGG,LAGGAN,132.0
LAIR,LAIRG,33.0
LEWI,LEWIS SUBSTATION,400.0
LKEM,LOCH KEMP PUMPED STORAGE,275.0
LOCB,LOCH BUIDHE,275.0
LOCH,LOCHAY,11.0
LOSD,LONGSIDE,132.0
LUIC,LUICHART,132.0
LUNA,LUNANHEAD,33.0
LUND,LUNDAVRA,132.0
MACD,MACDUFF,33.0
MEYG,MEYGEN,132.0
MOSS,MOSSFORD,11.0
MOWO,MORAY WEST ONSHORE,400.0
MSHL,MOSSY HILL,33.0
MUAI,MUAITHEBHEAL WIND FARM,33.0
ORRI,ORRIN,11.0
OWFD,OWF-100,132.0
PEHE,PETERHEAD,275.0
PERS,PERSLEY,275.0
PERS,PERSLEY,33.0
QUOI,QUOICH,11.0
ROTI,ROTHIENORMAN,33.0
SFEE,ST FERGUS EAST,132.0
SHIN,SHIN,11.0
SPIT,SPITTAL,275.0
STCS,STRATHY COLLECTOR STATION,132.0
STOR,STORNOWAY,132.0
STRB,STRATH BRORA WIND,275.0
STRL,STRONELAIRG WIND FARM (SSE),132.0
STRW,STRATHY WIND,132.0
TAYN,TAYNUILT,33.0
THUS,THURSO SOUTH,400.0
TLSK,TALISK OFFSHORE WIND FARM,400.0
TNGF,TANGY IV,33.0
TOMT,TOMATIN,132.0
TUMB,TUMMEL BRIDGE,132.0
WFIB,WESTFIELD BOUNDARY,275.0
WOHI,WOODHILL,33.0
ABED,ABERARDER ONSHORE WIND FARM,132.0
ABNE,ABERNETHY,132.0
ACHE,ACHANY EXTENSION,132.0
AIGN,AIGAS NORTH,132.0
ALNE,ALNESS GSP,132.0
ALYT,ALYTH,400.0
ANSU,AN SUIDHE,33.0
ARBR,ARBROATH,33.0
ARDK,ARDKINGLAS WIND,132.0
ARDK,ARDKINGLAS WIND,33.0
ARMO,ARDMORE,132.0
ASBS,ALYTH SOLAR AND BATTERY STORAGE,132.0
ASBS,ALYTH SOLAR AND BATTERY STORAGE,400.0
AYRE,AYRE OFFSHORE WIND FARM,400.0
BANN,BANNISKIRK,400.0
BEAU,BEAULY,33.0
BEAU,BEAULY,400.0
BEIN,BEINNEUN WIND FARM,132.0
BERB,BERRY BURN,33.0
BEWF,BEAW FIELD,132.0
BIHI,BIRKHILL,132.0
BLBS,BLACKHILLOCK BATTERY STORAGE,400.0
BLHI,BLACKHILLOCK,132.0
BRCW,BRACO WEST,132.0
BRCW,BRACO WEST,275.0
BRCW,BRACO WEST,33.0
BRID,BRIDGE OF DUN,132.0
BROA,BROADFORD,33.0
BROR,BRORA,132.0
BROR,BRORA,33.0
CAAD,CARRADALE,132.0
CAAD,CARRADALE,33.0
CAIN,CAIRNFORD,33.0
CALD,CALEDONIA OFFSHORE,400.0
CASS,CASSLEY,132.0
CASS,CASSLEY,33.0
CEAN,CEANNACROC,132.0
CHLS,CHLEANSAID,132.0
CLAC,CLACHAN,11.0
CLGO,CLASH GOUR WIND FARM,275.0
CMBS,CAMBUSHINNIE,400.0
COFD,COACHFORD,400.0
COGA,CORRIEGARTH WIND FARM,132.0
CONN,CONNAGILL,132.0
CONN,CONNAGILL,275.0
COST,COSTA HEAD,132.0
COST,COSTA HEAD,33.0
CRAR,CRARAE,33.0
CRDH,CREAG DHUBH,132.0
CREA,CREAG RIABHACH WINDFARM,33.0
CRSN,CROSSAIG NORTH,132.0
CRSN,CROSSAIG NORTH,275.0
CRSS,CROSSAIG,275.0
CRSS,CROSSAIG,33.0
CULL,CULLIGRAN,11.0
DEAW,DEANIE WEST,11.0
DORE,DORENELL WIND FARM,132.0
DORE,DORENELL WIND FARM,33.0
DOUN,DOUNREAY,33.0
DUGR,DUNVEGAN GRID,132.0
DUNA,DUNACH WIND FARM,132.0
EARR,EARRAGHAIL,275.0
EDIN,EDINBANE 132/33KV,132.0
EDIN,EDINBANE 132/33KV,33.0
ELCH,ELCHIES,132.0
ELGI,ELGIN,33.0
ELIB,ELLIBISTER SWITCHING STATION,132.0
ENEI,ENERGY ISLES WIND FARM,132.0
ERRO,ERROCHTY,132.0
ERRO,ERROCHTY,33.0
ERRO,ERROCHTY,11.0
FAUG,FORT AUGUSTUS,275.0
FAUG,FORT AUGUSTUS,400.0
FERO,FERNOCH WIND,33.0
FETT,FETTERESSO,132.0
FETT,FETTERESSO,400.0
FIDD,FIDDES,132.0
FIDD,FIDDES,33.0
FOYE,FOYERS,275.0
FRAS,FRASERBURGH,132.0
FWIL,FORT WILLIAM,33.0
FYRI,FYRISH,275.0
GLDO,GLENDOE SUBSTATION,132.0
GLEN,GLENMORISTON,11.0
GLFA,GLENFARCLAS,33.0
GLUE,GLEN ULLINISH EXTENSION,132.0
GRIF,GRIFFIN WINDFARM (SSE),33.0
GRUB,GRUDIE BRIDGE,33.0
HEST,HESTA HEAD,33.0
HOME,HOLLANDMEY,132.0
HVBY,HAVBREDEY OFFSHORE WIND FARM,400.0
INNE,INVERNESS,132.0
INNE,INVERNESS,33.0
KINA,KINARDOCHY,275.0
KINA,KINARDOCHY,400.0
KINB,KINCARDINE BOUNDARY,400.0
KINM,KINMUCK,400.0
KINT,KINTORE,132.0
KION,KILMORACK NORTH,11.0
LAIS,LAIRG SOUTH,33.0
LEWI,LEWIS SUBSTATION,132.0
LOCB,LOCH BUIDHE,132.0
LOCH,LOCHAY,132.0
LOCL,LOCH LUNDIE,132.0
LOCL,LOCH LUNDIE,400.0
LUIC,LUICHART,11.0
LUMB,LUMBS,132.0
LUNA,LUNANHEAD,132.0
LYND,LYNDHURST,132.0
MELG,MELGARVE SUBSTATION,400.0
MILC,MILTON OF CRAIGIE,33.0
MILW,MILLENIUM WIND,33.0
MORF,MORAY EAST ONSHORE,400.0
MOSS,MOSSFORD,132.0
MOTA,MOULTAIVE,132.0
NAIR,NAIRN,132.0
NASS,NEW ABERDEENSHIRE SUBSTATION,400.0
NPIC,SPIORAD NA MARA OFFSHORE WIND FARM,400.0
OWPL,OWPL WINDFARM,400.0
PERS,PERSLEY,132.0
REDM,REDMOSS,132.0
REDM,REDMOSS,33.0
REJO,RED JOHN PSH STORAGE,275.0
SCRA,SCARABEN OFFSHORE WIND FARM,132.0
SFEG,ST FERGUS GAS TERMINAL,132.0
SFEV,ST FERGUS VSD,132.0
SFIL,ST FILLANS,132.0
SLCK,SLICKLY WIND FARM,132.0
SLOY,SLOY,132.0
SPIT,SPITTAL,132.0
STMR,STROMAR OFFSHORE WIND FARM,400.0
STOR,STORNOWAY,33.0
STWO,STRATHY WOOD,33.0
SYEL,SOUTH YELL,132.0
TARL,TARLAND,132.0
TARL,TARLAND,33.0
TUMM,TUMMEL,275.0
TUMM,TUMMEL,400.0
WFIB,WESTFIELD BOUNDARY,400.0
WHIB,WHITE BRIDGE,132.0
WIOW,WILLOWDALE,33.0
ABBA,ABERDEEN BAY WINDFARM,132.0
AIGN,AIGAS NORTH,11.0
ALYT,ALYTH,275.0
AMUL,AMULREE,132.0
ARBR,ARBROATH,132.0
ARMA,ARMADALE,132.0
BEAT,BEATRICE ONSHORE,400.0
BEIN,BEINNEUN WIND FARM,33.0
BING,BINGALLY,400.0
BLGH,BLARGHOUR,132.0
BLHI,BLACKHILLOCK,400.0
BONB,BONNYBRIDGE BORDER NODE,400.0
BOWD,BOWDUN OFFSHORE,400.0
BREC,BRECHIN,132.0
BRID,BRIDGE OF DUN,33.0
BUCH,Buchan,400.0
BUMU,BURGHMUIR,132.0
CAAI,CARNAIG,400.0
CADU,CAIRN DUHIE,275.0
CAID,CAIRN DUHIE WIND FARM,33.0
CAIN,CAIRNFORD,275.0
CAIN,CAIRNFORD,400.0
CEAN,CEANNACROC,11.0
CHAR,CHARLESTON,132.0
CHAR,CHARLESTON,33.0
CLAY,CLAYHILLS,132.0
CLOI,CLOICHE WIND FARM,33.0
COGL,COIRE GLAS PUMPED STORAGE,400.0
CORI,CORRIEMOILLIE,132.0
CORI,CORRIEMOILLIE,33.0
COUA,COUPAR ANGUS,132.0
COUA,COUPAR ANGUS,33.0
CRAI,CRAIGIEBUCKLER,132.0
CRAS,CRARAE SOUTH,33.0
CRDH,CREAG DHUBH,275.0
CREA,CREAG RIABHACH WINDFARM,132.0
CRMU,CRAIG MURRAIL,33.0
CULL,CULLIGRAN,132.0
DAAS,DALLAS SUBSTATION,33.0
DEAN,DEANIE,132.0
DEAN,DEANIE,11.0
DELL,DELL,132.0
DOUN,DOUNREAY,275.0
DUBE,DUNBEATH,33.0
DUGR,DUNVEGAN GRID,33.0
DUNM,DUNMAGLASS,33.0
DUNO,DUNOON,132.0
DYCE,DYCE,33.0
EDAY,EDAY,132.0
EDIN,EDINBANE 132/33KV,11.0
ELCH,ELCHIES,33.0
ERED,EREDINE,275.0
ERED,EREDINE,33.0
FAAR,FARR WINDFARM,132.0
FAAR,FARR WINDFARM,33.0
FASQ,FASQUE,132.0
FASQ,FASQUE,33.0
FETT,FETTERESSO,275.0
FETT,FETTERESSO,33.0
FINL,FINLARIG,132.0
FINS,ORKNEY FINSTOWN,275.0
FNLN,FANELLAN,400.0
FRAS,FRASERBURGH,33.0
FWIL,FORT WILLIAM,132.0
GILB,GILLS BAY SUBSTATION,132.0
GLDO,GLENDOE SUBSTATION,11.0
GLEN,GLENMORISTON,132.0
GLKO,GLEN KYLLACHY,132.0
GLNU,GLEN ULLINISH WINDFARM,33.0
GLRB,GLENROTHES BOUNDARY,400.0
GORW,GORDONBUSH WINDFARM,275.0
GREM,GREMISTA,33.0
GRIF,GRIFFIN WINDFARM (SSE),132.0
GRNV,GREEN VOLT OFFSHORE WIND FARM,400.0
HARI,HARRIS,132.0
HARI,HARRIS,33.0
HOME,HOLLANDMEY,33.0
INGA,INVERGARRY,132.0
INGA,INVERGARRY,11.0
INRU,INVERUGIE,132.0
INVE,INVERARAY,132.0
KEIT,KEITH,275.0
KERG,KERGORD,132.0
KIIN,KILLIN,132.0
KILO,KINLOCHLEVEN,132.0
KINT,KINTORE,275.0
KINT,KINTORE,400.0
KIOR,KILMORACK,132.0
KIOR,KILMORACK,11.0
KNOC,KNOCKNAGAEL,275.0
LAIR,LAIRG,132.0
LAIS,LAIRG SOUTH,132.0
LHEU,LOCH NAN EUN PSH,275.0
LIMK,LIMEKILNS WINDFARM,132.0
LOSD,LONGSIDE,400.0
LYND,LYNDHURST,33.0
MACD,MACDUFF,132.0
MARA,MARRAM OFFSHORE,400.0
MELG,MELGARVE SUBSTATION,132.0
MELG,MELGARVE SUBSTATION,11.0
MILC,MILTON OF CRAIGIE,132.0
MILW,MILLENIUM WIND,132.0
MUAI,MUAITHEBHEAL WIND FARM,132.0
MUMR,MUIR MHOR OFFSHORE WIND FARM,400.0
MYBS,MYBSTER,132.0
MYBS,MYBSTER,33.0
NAIR,NAIRN,33.0
NANT,NANT (LOCH NANT),132.0
NANT,NANT (LOCH NANT),11.0
NASS,NEW ABERDEENSHIRE SUBSTATION,275.0
NEDE,NEW DEER,400.0
ORRI,ORRIN,132.0
ORRI,ORRIN,33.0
PEHE,PETERHEAD,132.0
PEHE,PETERHEAD,400.0
PEHG,PETERHEAD GRANGE,132.0
PEHG,PETERHEAD GRANGE,33.0
PEHS,PETERHEAD SHELL,11.0
PORA,PORT ANN,132.0
PORA,PORT ANN,33.0
QUOI,QUOICH,132.0
RANN,RANNOCH,132.0
RANN,RANNOCH,33.0
ROTI,ROTHIENORMAN,400.0
SALM,SALAMANDER OFFSHORE WIND FARM,132.0
SFEE,ST FERGUS EAST,11.0
SFEM,ST FERGUS MOBIL,132.0
SFER,ST FERGUS,132.0
SFIL,ST FILLANS,11.0
SGRX,SEAGREEN ONE 275KV ONSHORE,275.0
SHIN,SHIN,132.0
SHIN,SHIN,33.0
SLKB,SLACKBUIE,132.0
SLOY,SLOY,11.0
STNG,STANNERGATE,33.0
STNG,STANNERGATE,132.0
STRB,STRATH BRORA WIND,33.0
STRI,STRICHEN,132.0
STRI,STRICHEN,33.0
STRL,STRONELAIRG WIND FARM (SSE),33.0
STRW,STRATHY WIND,33.0
STSO,STRATHY SOUTH,132.0
STSO,STRATHY SOUTH,33.0
STWO,STRATHY WOOD,132.0
TAYN,TAYNUILT,132.0
TEAL,TEALING,132.0
TEAL,TEALING,275.0
TEAL,TEALING,33.0
THUS,THURSO SOUTH,132.0
THUS,THURSO SOUTH,275.0
THUS,THURSO SOUTH,33.0
TNGF,TANGY IV,132.0
TOMT,TOMATIN,275.0
TUMB,TUMMEL BRIDGE,11.0
TUMM,TUMMEL,132.0
WHTB,WHISTLEFIELD BORDER,132.0
WIOW,WILLOWDALE,132.0
WOHI,WOODHILL,132.0
