Project Name,Customer Name,Connection Site,Stage,MW Connected,MW Increase / Decrease,Cumulative Total Capacity (MW),MW Effective From,Project Status,Agreement Type,Host TO,Plant Type,Project ID,Project Number
17 Acres and BESS,AEUK BATTERY PROJECT II LTD,17 ACRES BESS 275KV SUBSTATION,,0.0,95.76,95.76,2032-06-30,Scoping,Direct Connection,SHET,Energy Storage System,a0l8e0000012ezRAAQ,PRO-004392
50MW BESS Connagill,Cerulisia Ltd,New Connagill 275/132kV Substation,,0.0,50.0,50.0,2031-10-31,Scoping,Direct Connection,SHET,Energy Storage System,a0lJ9000000blmDIAQ,PRO-004938
Aberarder Wind Farm,ABERARDER WIND FARM LLP,Aberarder Wind Farm 132/33kV Substation,,0.0,49.99,49.99,2026-08-31,Consents Approved,Direct Connection,SHET,Wind Onshore,a0l4L0000005ilHQAQ,PRO-000368
Achanalt Battery Storage,ADTEK LIMITED,Grudie Bridge GSP,,0.0,49.9,49.9,2027-10-31,Scoping,Embedded,SHET,Energy Storage System,a0l8e000001HrmUAAS,PRO-004221
Acheilidh Wind Farm,ENERGYFARM UK ACHEILIDH LTD,Acheilidh Wind farm 132kV Substation,,0.0,84.2,84.2,2033-10-31,Scoping,Direct Connection,SHET,Energy Storage System;Wind Onshore,a0lJ9000000PDsuIAG,PRO-005042
Achrugan Wind Farm,Statkraft Windco 1 Limited,Achrugan 132kV Substation,,0.0,149.0,149.0,2030-07-31,Scoping,Direct Connection,SHET,Energy Storage System;Wind Onshore,a0l4L0000005ivEQAQ,PRO-002267
Aigas (part of the Beauly Cascade),SSE GENERATION LIMITED,Aigas Hydro 132kV Substation,,20.0,0.0,20.0,,Built,Direct Connection,SHET,Hydro,a0l4L0000005itFQAQ,PRO-000006
Akku Tealing Battery Storage,Akku Tealing Limited,Tealing 275/33kV Substation,,0.0,500.0,500.0,2033-10-31,Scoping,Direct Connection,SHET,Energy Storage System,a0l8e0000010xi1AAA,PRO-003092
Beinneun Wind Farm,BEINNEUN WIND FARM LTD,Beinneun 132kV Substation,,109.0,0.0,109.0,,Built,Direct Connection,SHET,Wind Onshore,a0l4L0000005ilZQAQ,PRO-000031
Alyth,ECODEV (ALYTH) LTD,Alyth Solar and Battery 400/132kV,2,0.0,450.0,900.0,2033-10-31,Scoping,Direct Connection,SHET,Energy Storage System;PV Array (Photo Voltaic/solar),a0l4L0000005iZLQAY,PRO-001978-2
Ardkinglas,SCOTTISHPOWER RENEWABLES (UK) LIMITED,Ardkinglas GSP,,19.25,0.0,19.25,,Built,Embedded,SHET,Wind Onshore,a0l4L0000005iWVQAY,PRO-000013
Arven South Offshore Wind Farm,ARVEN SOUTH LIMITED,Northern Shetland 400kV Substation,,0.0,500.0,500.0,2033-10-31,Scoping,Direct Connection,SHET,Wind Offshore,a0l8e000001HxQ5AAK,PRO-004242
AULTCRAGGIE BESS,OPDE UK LIMITED,Brora GSP,,0.0,50.0,50.0,2034-10-31,Scoping,Embedded,SHET,Energy Storage System,a0l8e000000TPFmAAO,PRO-003228
Balinoe Wind Farm,RWE Renewables UK Onshore Wind Limited,Balinoe 132kV substation,,0.0,160.6,160.6,2034-10-31,Scoping,Direct Connection,SHET,Energy Storage System;Wind Onshore,a0l8e0000012kqNAAQ,PRO-004776
Ballach,ENERGYFARM UK BALLACH LTD,New North West 132kV Substation,,0.0,149.0,149.0,2037-10-31,Scoping,Direct Connection,SHET,Energy Storage System;Wind Onshore,a0lJ9000000PNJcIAO,PRO-005977
Ballygroggan Wind Farm,DALRIADA RENEWABLES LIMITED,BALLYGROGGAN 132/33KV SUBSTATION,,0.0,96.0,96.0,2034-10-31,Scoping,Direct Connection,SHET,Wind Onshore,a0l8e000000exU0AAI,PRO-003733
Beauly 02 BESS,FIELD BEAULY LTD,BEAULY 02 BESS 132kV SUBSTATION,,0.0,100.0,100.0,2028-12-31,Scoping,Direct Connection,SHET,Energy Storage System,a0l8e000000exTqAAI,PRO-003731
Beaw Field Wind Farm,BEAW FIELD SHETLAND LIMITED,Beaw Field 132/33kV Substation,,0.0,102.0,102.0,2032-10-29,Consents Approved,Direct Connection,SHET,Wind Onshore,a0l4L0000005iyaQAA,PRO-000026
Beinn Tharsuinn,SCOTTISHPOWER RENEWABLES (UK) LIMITED,Alness GSP,,29.0,0.0,29.0,,Built,Embedded,SHET,Wind Onshore,a0l4L0000005iUwQAI,PRO-000030
Berry Burn Wind Farm,BERRY BURN WIND FARM LIMITED,Berry Burn GSP,,67.0,0.0,67.0,,Built,Embedded,SHET,Wind Onshore,a0l4L0000005iUxQAI,PRO-000033
Bhlaraidh Wind Farm,SSE GENERATION LIMITED,Bhlaraidh 132/33kV Substation,,108.0,0.0,108.0,,Built,Direct Connection,SHET,Wind Onshore,a0l4L0000005ilbQAA,PRO-000034
Blarghour Wind,BLARGHOUR WIND FARM LIMITED,Blarghour Substation,,0.0,67.2,67.2,2029-04-01,Consents Approved,Direct Connection,SHET,Wind Onshore,a0l4L0000005itaQAA,PRO-000398
Boreland BESS,BORELAND ENERGY LTD,Killin GSP,,0.0,43.0,43.0,2031-10-31,Scoping,Embedded,SHET,Energy Storage System,a0l8e000001HxRcAAK,PRO-004259
Breackerie  wind farm,ENERGYFARM UK BREACKERIE LTD,Breackerie 132kV Substation,,0.0,90.8,90.8,2037-10-31,Scoping,Direct Connection,SHET,Energy Storage System;Wind Onshore,a0lJ9000000PN5RIAW,PRO-005965
Breakish Windfarm,Asuk Holdco 2 Limited,Breakish 132kV Substation,2,0.0,49.8,99.8,2034-04-30,Scoping,Direct Connection,SHET,Wind Onshore,a0l4L0000005ikhQAA,PRO-002170-2
Broadshore Offshore Wind Farm,Broadshore Offshore Wind Farm Limited,Longside 400kV Substation,,0.0,900.0,900.0,2033-10-31,Scoping,Direct Connection,SHET,Wind Offshore,a0l4L0000005itdQAA,PRO-002171
Buchan 01 Offshore Wind Farm,BUCHAN OFFSHORE WIND LIMITED,Peterhead 400kV Substation,,0.0,960.0,960.0,2033-10-31,Scoping,Direct Connection,SHET,Wind Offshore,a0l4L0000005izLQAQ,PRO-001528
Cairn Duhie Wind Farm,Cairn Duhie Energy Limited,Berryburn 275/33kV GSP Substation,,0.0,67.2,67.2,2028-10-31,Consents Approved,Embedded,SHET,Wind Onshore,a0l4L0000005iU6QAI,PRO-001743
Caledonia Offshore Wind Farm,CALEDONIA OFFSHORE WIND FARM LIMITED,Greens 400kV Substation,2,0.0,1400.0,2000.0,2032-10-31,Scoping,Direct Connection,SHET,Wind Offshore,a0l4L0000005ibmQAA,PRO-001436-2
Carraig Gheal Wind Farm,GREENPOWER (CARRAIG GHEAL) LIMITED,Carraig Gheal 132/33kV Substation,,46.0,0.0,46.0,,Built,Direct Connection,SHET,Wind Onshore,a0l4L0000005inAQAQ,PRO-000091
Ceislein Wind Farm,RWE Renewables UK Onshore Wind Limited,Ceislien Wind Farm,,0.0,85.8,85.8,2031-10-31,Scoping,Direct Connection,SHET,Wind Onshore,a0l8e000000TPK3AAO,PRO-003256
Cogle Moss Wind Farm,COGLE MOSS RENEWABLES LLP,Mybster 2 132/33kV Substation,,0.0,36.0,36.0,2025-08-31,Consents Approved,Embedded,SHET,Wind Onshore,a0l4L0000005iWrQAI,PRO-000973
Coire Glas Pumped Storage,COIRE GLAS HYDRO PUMPED STORAGE LIMITED,Coire Glas GSP,1,0.0,612.0,612.0,2029-10-31,Consents Approved,Direct Connection,SHET,Pump Storage,a0l4L0000005imhQAA,PRO-000073-1
Coire Na Cloiche,COIRE NA CLOICHE WINDFARM LLP,Alness GSP,,30.0,0.0,30.0,,Built,Embedded,SHET,Wind Onshore,a0l4L0000005iVFQAY,PRO-000099
Colmealie Wind - Solar - BESS Farm,Galileo 21 Limited,Fetteresso 132kV substation,,0.0,112.0,112.0,2037-10-31,Scoping,Direct Connection,SHET,Energy Storage System;PV Array (Photo Voltaic/solar);Wind Onshore,a0lJ9000000POtpIAG,PRO-006136
Corriemoillie BESS,FIELD CORRIEMOILLIE LTD,Corriemoillie 132kV Substation,,0.0,200.0,200.0,2029-09-30,Scoping,Direct Connection,SHET,Energy Storage System,a0l8e000000f6u6AAA,PRO-003992
Corriemoillie Wind Farm,ROWAN ONSHORE WINDFARMS LIMITED,Corriemoillie 132/33kV Substation,,47.5,0.0,47.5,,Built,Direct Connection,SHET,Wind Onshore,a0l4L0000005inIQAQ,PRO-000102
Coupar Solar Farm,COUPAR TWO LIMITED,Coupar Angus 132/33kV GSP,,0.0,49.9,49.9,2027-04-30,Scoping,Embedded,SHET,PV Array (Photo Voltaic/solar),a0l4L0000005iPSQAY,PRO-001862
Cott's Farm,BORALEX LIMITED,Cott's Farm 132kV Substation,,0.0,100.0,100.0,2034-10-31,Scoping,Direct Connection,SHET,Energy Storage System;PV Array (Photo Voltaic/solar),a0lJ9000000PDmzIAG,PRO-005017
Coupar Angus Battery,COUPAR LIMITED,Coupar Angus 132/33kV GSP,,0.0,40.0,40.0,2022-02-21,Consents Approved,Embedded,SHET,Energy Storage System,a0l4L0000005iPxQAI,PRO-000905
Craigend,Renewable Energy Systems Limited,Arbroath GSP,,0.0,49.9,49.9,2032-06-30,Scoping,Embedded,SHET,PV Array (Photo Voltaic/solar),a0l8e0000010wNzAAI,PRO-002567
Craigneil Wind Farm,ESB ASSET DEVELOPMENT UK LIMITED,Fetteresso 132/33kV GSP Substation,,0.0,42.0,42.0,2030-10-31,Scoping,Embedded,SHET,Wind Onshore,a0l8e0000012jL5AAI,PRO-004670
Crakaig Wind Energy Hub,CRAKAIG WIND ENERGY HUB LIMITED,BRORA 132/33KV GRID SUPPLY POINT SUBSTATION,,0.0,60.0,60.0,2034-10-31,Scoping,Embedded,SHET,Energy Storage System;Wind Onshore,a0l8e000000exYDAAY,PRO-003734
Creag Dhubh Windfarm,Invenergy Development UK Ltd,Creag Dhubh Wind Farm and BESS 132kV Substation,,0.0,171.0,171.0,2033-10-31,Scoping,Direct Connection,SHET,Energy Storage System;Wind Onshore,a0lJ9000000PDmkIAG,PRO-005014
Cruach Bhreac Wind Farm,Statkraft UK Ltd,Craig Murrail 275kV Substation,,0.0,100.8,100.8,2034-10-31,Scoping,Direct Connection,SHET,Wind Onshore,a0l8e000000f4w9AAA,PRO-003879
Culachy Wind Farm,FRED OLSEN RENEWABLES LIMITED,Fort Augustus 2 400kV Substation,,0.0,115.0,115.0,2037-10-31,Scoping,Direct Connection,SHET,Energy Storage System;Wind Onshore,a0lJ9000000PEEsIAO,PRO-005184
Dalchork Farm,QAIR RENEWABLES UK LIMITED,Dalchork 132kV Substation,,0.0,200.0,200.0,2032-10-31,Scoping,Direct Connection,SHET,Energy Storage System,a0l8e0000010wk2AAA,PRO-002807
Daviot Windfarm BEGA,CUBICO UK DEVELOPMENT LIMITED,INVERNESS 132/33KV GRID SUPPLY POINT SUBSTATION,,0.0,45.0,45.0,2030-10-31,Scoping,Embedded,SHET,Energy Storage System;Wind Onshore,a0lJ9000000blQPIAY,PRO-004874
Dorenell Battery,CLASHINDARROCH WINDFARM EXTENSION LIMITED,Dorenell BESS 132KV substation,,0.0,37.5,37.5,2023-10-31,Scoping,Direct Connection,SHET,Wind Onshore,a0l4L0000005ilvQAA,PRO-000427
Drum of Clunas Wind and Solar Park,BROADHAVEN DISTRIBUTION LIMITED,DRUM OF CLUNAS WIND 275KV SUBSTATION,,0.0,150.0,150.0,2031-10-31,Scoping,Direct Connection,SHET,Wind Onshore,a0l8e000000f6J0AAI,PRO-003970
Drumlithie Battery Storage,DRUMLITHIE BATTERY LIMITED,Fetteresso GSP,,0.0,49.9,49.9,2028-10-31,Scoping,Embedded,SHET,Energy Storage System,a0l4L0000005iUUQAY,PRO-002299
Drumore Farm,Drumore Battery Storage Limited,Alness 2 275/33 kV GSP Substation,,0.0,49.9,49.9,2030-10-31,Scoping,Embedded,SHET,Energy Storage System,a0l4L0000005iWtQAI,PRO-002397
Earba PSH,EARBA LIMITED,Earba PSH Powerhouse Substation,1,0.0,600.0,600.0,2032-12-31,Consents Approved,Direct Connection,SHET,Pump Storage,a0l8e000000f8OKAAY,PRO-004030-1
Earba PSH,EARBA LIMITED,Earba PSH Powerhouse Substation,2,0.0,1200.0,1800.0,2035-10-31,Consents Approved,Direct Connection,SHET,Pump Storage,a0l8e000000f8OKAAY,PRO-004030-2
Farr Wind Farm - Tomatin,FARR WINDFARM LIMITED,Beauly GSP,,92.0,0.0,92.0,,Built,Direct Connection,SHET,Wind Onshore,a0l4L0000005iopQAA,PRO-000156
Farr WindFarm,FARR WINDFARM LIMITED,FARR WIND FARM 132/33KV SUBSTATION,,0.0,144.8,144.8,2030-01-30,Scoping,Direct Connection,SHET,Wind Onshore,a0l8e0000012eoeAAA,PRO-004381
Fasnakyle G1 & G2,SSE GENERATION LIMITED,Fasnakyle GSP,,46.0,0.0,46.0,,Built,Direct Connection,SHET,Hydro,a0l4L0000005imlQAA,PRO-000077
Fasnakyle G3 & G4,SSE GENERATION LIMITED,Fasnakyle GSP,,30.5,0.0,30.5,,Built,Embedded,SHET,Hydro,a0l4L0000005iV8QAI,PRO-000078
Fiddes Battery Storage,FIDDES BATTERY LIMITED,Fiddes GSP,,0.0,30.0,30.0,2028-10-31,Scoping,Embedded,SHET,Energy Storage System,a0l4L0000005iNsQAI,PRO-001831
Finlarig,SSE GENERATION LIMITED,Killin 132/11kV Substation,1,16.5,0.0,16.5,,Built,Direct Connection,SHET,Hydro,a0l4L0000005immQAA,PRO-000079-1
Fort Augustus BESS,FIELD DEVCO LTD,Fort Augustus 400kV,,0.0,200.0,200.0,2035-10-31,Scoping,Direct Connection,SHET,Energy Storage System,a0l8e0000012i3dAAA,PRO-004599
Foyers,SSE GENERATION LIMITED,Foyers 275kV Substation,,300.0,0.0,300.0,,Built,Direct Connection,SHET,Pump Storage,a0l4L0000005imnQAA,PRO-000080
Garlogie B-2,GARLOGIE ENERGY CENTRE LIMITED,Garlogie Production B 275/33kV GSP,,0.0,50.0,50.0,2033-10-31,Scoping,Embedded,SHET,Energy Storage System;PV Array (Photo Voltaic/solar),a0l8e0000012jILAAY,PRO-004641
Garlogie PV and BESS A-1,GARLOGIE ENERGY CENTRE LIMITED,Garlogie Production A 275/33kV GSP,,0.0,50.0,50.0,2033-10-31,Scoping,Embedded,SHET,Energy Storage System;PV Array (Photo Voltaic/solar),a0l8e0000012jDoAAI,PRO-004636
Giants Burn Wind Farm,GB WIND FARM LIMITED,New Dunoon 132/33kV GSP Substation,,0.0,44.0,44.0,2030-05-31,Scoping,Embedded,SHET,Wind Onshore,a0l4L0000005iWyQAI,PRO-002232
Glen Kyllachy Wind Farm,GLEN KYLLACHY WIND FARM LIMITED,Glen Kyllachy Wind Farm Substation,,48.5,0.0,48.5,,Built,Direct Connection,SHET,Wind Onshore,a0l4L0000005iovQAA,PRO-000165
Glen Lednock,Glen Lednock Wind Farm Limited,Glen Lednock 132kV Substation,,0.0,165.0,165.0,2031-10-31,Scoping,Direct Connection,SHET,Energy Storage System;Wind Onshore,a0l8e0000012ho5AAA,PRO-004520
Glen Ullinish Wind Farm,GLEN ULLINISH WF LIMITED,Glen Ullinish 132/33kV Substation,,0.0,49.9,49.9,2028-04-16,Consents Approved,Direct Connection,SHET,Wind Onshore,a0l4L0000005isHQAQ,PRO-000298
Glendye Wind Farm,GLENDYE WIND FARM LIMITED,Glendye Wind Farm Substation,2,0.0,42.0,166.8,2034-04-30,Scoping,Direct Connection,SHET,Wind Onshore,a0l4L0000005iyyQAA,PRO-001389-2
Glenmore,AEUK WIND PROJECT II LTD,Edinbane 132/33kV Substation,,0.0,39.6,39.6,2034-10-31,Scoping,Direct Connection,SHET,Wind Onshore,a0l8e0000012ggkAAA,PRO-004445
Glenmoy Wind Solar & BESS,Galileo 20 Limited,Alyth 400kV Substation,,0.0,224.0,224.0,2037-10-31,Scoping,Direct Connection,SHET,Energy Storage System;PV Array (Photo Voltaic/solar);Wind Onshore,a0lJ9000000POtfIAG,PRO-006134
Glens of Foudland Wind (SRO),GLENS OF FOUDLAND WIND FARM LIMITED,Keith GSP,,26.0,0.0,26.0,,Built,Embedded,SHET,Wind Onshore,a0l4L0000005iVzQAI,PRO-000258
Havbredey,HAVBREDEY LIMITED,New Dounreay 400kV substation,,0.0,1500.0,1500.0,2033-10-31,Scoping,Direct Connection,SHET,Wind Offshore,a0l4L0000005iNUQAY,PRO-001628
Hesta Head,HESTA HEAD WIND FARM LIMITED,Finstown (Orkney) GSP,,0.0,20.4,20.4,2029-04-06,Scoping,Embedded,SHET,Wind Onshore,a0lJ9000000PDyEIAW,PRO-005100
High Brenfield 1,High Brenfield Wind Farm Limited,Craig Murrail 275/33kV GSP Substation,,0.0,52.8,52.8,2034-10-31,Scoping,Embedded,SHET,Wind Onshore,a0lJ9000000blQUIAY,PRO-004875
Highland BESS,Apatura Battery Ltd,Highland BESS 132kV Substation,,0.0,120.0,120.0,2030-05-30,Scoping,Direct Connection,SHET,Energy Storage System,a0l8e000000f4PIAAY,PRO-003845
Highland Wind Farm,HIGHLAND WIND FARM LIMITED,Highland Wind Farm 132/33kV substation,,0.0,168.0,168.0,2030-10-31,Scoping,Direct Connection,SHET,Energy Storage System;Wind Onshore,a0l8e0000012ezHAAQ,PRO-004390
Keith 132 Greener Grid Park,KEITH STORAGE SOLUTIONS LIMITED,Keith 132kV Substation,1,0.0,0.0,0.0,,Built,Direct Connection,SHET,Energy Storage System;Reactive Compensation,a0l4L0000005ifTQAQ,PRO-001129-1
Keith BESS Station,IBV COACHFORD ENERGY PARK LTD,Blackhillock substation,,0.0,400.0,400.0,2033-10-31,Scoping,Direct Connection,SHET,Energy Storage System,a0l8e0000011z3KAAQ,PRO-003565
Kilmorack (part of the Beauly Cascade),SSE GENERATION LIMITED,Kilmorack GSP,,20.0,0.0,20.0,,Built,Direct Connection,SHET,Hydro,a0l4L0000005ip1QAA,PRO-000172
Kincardine Offshore Wind Farm,KINCARDINE OFFSHORE WINDFARM LIMITED,Redmoss GSP,,49.6,0.0,49.6,,Built,Embedded,SHET,Wind Offshore,a0l4L0000005iW4QAI,PRO-000277
Knockton Wind Farm,PERIGUS ENERGY UK LIMITED,Alyth 400kV Substation,,0.0,130.2,130.2,2033-10-31,Scoping,Direct Connection,SHET,Wind Onshore,a0l8e0000011yY5AAI,PRO-003524
L48 BESS Dams of Craigie,S4 UK DEV LTD,L48 BESS Dams of Craigie,,0.0,220.0,220.0,2033-10-31,Scoping,Direct Connection,SHET,Energy Storage System;PV Array (Photo Voltaic/solar),a0l8e000000f4ZKAAY,PRO-003853
Learney BESS,IGP SOLAR 22 LIMITED,LEARNEY BESS 132KV,,0.0,50.0,50.0,2032-10-01,Scoping,Direct Connection,SHET,Energy Storage System,a0l8e000000TPI2AAO,PRO-003241
Lethen Wind Farm,FRED OLSEN RENEWABLES LIMITED,Lethen Wind Farm 132/33kV Substation,,0.0,114.0,114.0,2033-12-31,Scoping,Direct Connection,SHET,Wind Onshore,a0l4L0000005ivMQAQ,PRO-002307
Limekiln,Limekiln Extension Limited,Limekilns 132/33kV substation,2,0.0,61.0,167.0,2030-12-01,Consents Approved,Direct Connection,SHET,Energy Storage System;Wind Onshore,a0l4L0000005itVQAQ,PRO-000515-2
Loch Fearna Pumped Storage,FEARNA PSH LIMITED,Loch Fearna Pumped Storage 400/18kV Substation,,0.0,300.0,300.0,2032-10-28,Awaiting Consents,Direct Connection,SHET,Pump Storage,a0l8e0000010wOJAAY,PRO-002569
Loch Luichart Extension II,BLUEBELL WIND FARM LIMITED,Loch Luichart Extension II Substation,,0.0,36.0,36.0,2024-10-31,Scoping,Direct Connection,SHET,Wind Onshore,a0l4L0000005inUQAQ,PRO-000487
Locharber,Lochaber Energy Centre Limited,Arbroath GSP,,0.0,50.0,50.0,2032-10-31,Scoping,Embedded,SHET,Energy Storage System;PV Array (Photo Voltaic/solar),a0l8e000001HxceAAC,PRO-004283
Lochluichart,LZN LIMITED,Corriemoillie 132kV Substation,,69.0,0.0,69.0,,Built,Direct Connection,SHET,Wind Onshore,a0l4L0000005iqhQAA,PRO-000227
Longside BESS,BAYWA R.E. UK LIMITED,Peterhead 2 400kV Busbar Extension,,0.0,200.0,200.0,2033-10-31,Scoping,Direct Connection,SHET,Energy Storage System,a0lJ9000000PEQcIAO,PRO-005789
Lubreoch Hydro (Part of Killin Cascade Hydro Scheme),SSE GENERATION LIMITED,Killin GSP,,4.0,0.0,4.0,,Built,Embedded,SHET,Hydro,a0l4L0000005iQsQAI,PRO-000893
Lyndhurst Camperdown BESS,Geocore Ltd,Charleston GSP 132/33kV,,0.0,49.9,49.9,2031-10-31,Scoping,Embedded,SHET,Energy Storage System,a0l8e0000010wWmAAI,PRO-002658
Marram Wind Offshore Wind Farm,Marramwind Limited,Longside 400kV Substation,1,0.0,1000.0,1000.0,2031-10-31,Scoping,Direct Connection,SHET,Wind Offshore,a0l4L0000005iaiQAA,PRO-001406-1
Meall Dearg,ENERGYFARM UK MEALL DEARG LTD,New North West 132kV Substation,,0.0,150.2,150.2,2037-10-31,Scoping,Direct Connection,SHET,Energy Storage System;Wind Onshore,a0lJ9000000PNJwIAO,PRO-005981
Meetlaw BESS,CARRAVINDOON LIMITED,Fiddes GSP,,0.0,49.9,49.9,2031-10-31,Consents Approved,Embedded,SHET,Energy Storage System,a0l4L0000005iSsQAI,PRO-001966
Montreathmont Moor Forest,Montreathmont Energy Centre Limited,Lunanhead GSP,,0.0,34.38,34.38,2029-10-08,Scoping,Embedded,SHET,Energy Storage System;PV Array (Photo Voltaic/solar),a0l4L0000005iPGQAY,PRO-001849
Moray West Offshore Windfarm,MORAY OFFSHORE WINDFARM (WEST) LIMITED,Moray Firth 220/33kV Platform 1 & 2 Offshore Substation,,860.0,0.0,860.0,,Built,Direct Connection,SHET,Wind Offshore,a0l4L0000005ifSQAQ,PRO-001130
Muaitheabhal Wind Farm,UISENIS POWER LIMITED,Muaitheabhal 132/33kV Substation,,0.0,189.0,189.0,2030-12-31,Consents Approved,Direct Connection,SHET,Pump Storage;Wind Onshore,a0l4L0000005iroQAA,PRO-000272
Muir Mhor Offshore Wind Farm,MUIR MHÒR OFFSHORE WIND FARM LIMITED,Longside 400kV Substation,,0.0,1000.0,1000.0,2033-10-31,Awaiting Consents,Direct Connection,SHET,Wind Offshore,a0l4L0000005izGQAQ,PRO-001698
Myreton BESS,GPC 1039 Ltd,Tealing 132kV Substation,,0.0,200.0,200.0,2028-10-31,Scoping,Direct Connection,SHET,Energy Storage System,a0l8e0000010x1hAAA,PRO-003050
Netherton Hub Bess,Field Netherton Ltd,Longside 400kV Substation,,0.0,200.0,200.0,2033-10-31,Scoping,Direct Connection,SHET,Energy Storage System,a0l8e0000012kjdAAA,PRO-004753
New Deer Battery Storage,NEW DEER ENERGY CENTRE LIMITED,New Deer 2 400kV Substation,,0.0,500.0,500.0,2033-10-31,Scoping,Direct Connection,SHET,Energy Storage System,a0l4L0000005ixLQAQ,PRO-001987
Newton of Park BESS 2,Opdenergy UK 16 Limited,Nairn 132/33kV Grid Supply Point Substation,,0.0,50.0,50.0,2028-01-31,Scoping,Embedded,SHET,Energy Storage System,a0l8e0000011z1iAAA,PRO-003562
Novar 2 Wind Farm,HEADWIND DEVELOPMENT SERVICES LIMITED,Alness GSP,,0.0,43.2,43.2,2032-10-31,Scoping,Embedded,SHET,Wind Onshore,a0l8e0000012kptAAA,PRO-004775
OWPL Windfarm,OFFSHORE WIND POWER LIMITED,Banniskirk 400kV Substation,2,0.0,1500.0,2250.0,2030-12-31,Scoping,Direct Connection,SHET,Wind Offshore,a0l4L0000005iqSQAQ,PRO-000568-2
Pentland Floating Offshore Wind Farm,HIGHLAND WIND LIMITED,Pentland Floating Offshore Wind Farm 132/66kV substation,,0.0,100.0,100.0,2028-04-03,Consents Approved,Direct Connection,SHET,Wind Offshore,a0l4L0000005idGQAQ,PRO-001472
Peterhead Battery,PETERHEAD FLEXPOWER LTD,Peterhead 400kV Substation,,0.0,500.0,500.0,2033-10-31,Scoping,Direct Connection,SHET,Energy Storage System,a0l4L0000005iZdQAI,PRO-001999
Peterhead Carbon Capture,SSE THERMAL GENERATION (SCOTLAND) LIMITED,Peterhead 275kV,,0.0,910.0,910.0,2033-10-31,Scoping,Direct Connection,SHET,CCGT (Combined Cycle Gas Turbine),a0l8e0000012hooAAA,PRO-004529
Pitkerro Road,Vital Energi Solutions Limited,Milton of Craigie GSP,,0.0,49.9,49.9,2033-10-31,Scoping,Embedded,SHET,Energy Storage System,a0l4L0000005iWwQAI,PRO-002457
Pitlochry (part of the Clunie Cascade),SSE GENERATION LIMITED,Pitlochry (Clunie Cascade Hydro Scheme),,15.0,0.0,15.0,,Built,Embedded,SHET,Hydro,a0l4L0000005iVZQAY,PRO-000179
Quintfall Forest Hybrid Wind and BESS 1,VOLTALIA UK LTD,Gills Bay 132kV,,0.0,98.5,98.5,2037-10-31,Scoping,Direct Connection,SHET,Energy Storage System;Wind Onshore,a0lJ9000000POPvIAO,PRO-006032
Rothienorman 50MW BESS,ROTHIENORMAN FLEXPOWER LTD,Rothienorman 400/33kV Substation,,0.0,50.0,50.0,2027-07-31,Consents Approved,Embedded,SHET,Energy Storage System,a0l4L0000005iWjQAI,PRO-002300
Scatsta Greener Grid Park,STATKRAFT HYDROGEN UK HOLDING LIMITED,Scatsta 132kV Substation,,0.0,49.9,49.9,2028-10-31,Scoping,Direct Connection,SHET,Demand;Energy Storage System,a0l4L0000005iYqQAI,PRO-001955
Sheilhill Battery Storage,Sheilhill Battery Storage Limited,ST FERGUS 132KV SWITCHING STATION,,0.0,100.0,100.0,2033-10-31,Awaiting Consents,Direct Connection,SHET,Energy Storage System,a0l4L0000005ivQQAQ,PRO-002149
Sinclair Offshore Wind Farm,SINCLAIR OFFSHORE WIND FARM LIMITED,Longside 132kV Substation,,0.0,100.0,100.0,2033-10-31,Scoping,Direct Connection,SHET,Wind Offshore,a0l8e000000ez6zAAA,PRO-003790
Sloy G2 and G3,SSE GENERATION LIMITED,Sloy GSP,,80.0,0.0,80.0,,Built,Direct Connection,SHET,Hydro,a0l4L0000005ipTQAQ,PRO-000182
Spittal BESS Station,IGP ENERGY STORAGE 5 LIMITED,Spittal 2 400kV Substation,,0.0,1000.0,1000.0,2033-10-31,Scoping,Direct Connection,SHET,Energy Storage System,a0l8e00000120IgAAI,PRO-003618
SSE Spittal Energy Park,SSE DE SOLAR HOLDCO LIMITED,Spittal 400kV,,0.0,600.0,600.0,2033-10-31,Scoping,Direct Connection,SHET,Energy Storage System;PV Array (Photo Voltaic/solar),a0l8e000000TPKSAA4,PRO-003259
Strath Oykel Wind Farm,ENERGYFARM STRATH OYKEL LLP,Shin 1 GSP,,0.0,74.0,74.0,2032-10-31,Awaiting Consents,Embedded,SHET,Energy Storage System;Wind Onshore,a0l8e0000012hwbAAA,PRO-004565
Strichen North BESS,MUIRDEN ENERGY LLP,Strichen GSP,,0.0,25.0,25.0,2033-10-31,Scoping,Embedded,SHET,Energy Storage System,a0l8e000001Hr31AAC,PRO-004177
Stromar Offshore Windfarm,Stromar Offshore Wind Farm Limited,Greens 400kV Substation,2,0.0,500.0,1500.0,2035-12-31,Scoping,Direct Connection,SHET,Wind Offshore,a0l4L0000005izNQAQ,PRO-001530-2
Talladh a Bheithe,MUIRDEN ENERGY LLP,Rannoch GSP,,0.0,20.0,20.0,2035-10-31,Scoping,Embedded,SHET,Energy Storage System,a0l8e0000012012AAA,PRO-003605
Tangy IV WF,SSE Renewables Services (UK) Limited,Tangy IV 132KV Substation,,0.0,96.0,96.0,2029-04-30,Scoping,Direct Connection,SHET,Substation;Wind Onshore,a0l4L0000005iz2QAA,PRO-001408
Tarbuckle Hill Wind Farm,ENERGIEKONTOR UK LTD,Cairnford GSP,,0.0,39.6,39.6,2031-10-31,Scoping,Embedded,SHET,Wind Onshore,a0l8e0000010x1DAAQ,PRO-003045
Tealing Energy Park,ONPATH ENERGY LIMITED,Tealing 400kV Substation,,0.0,1400.0,1400.0,2033-10-31,Scoping,Direct Connection,SHET,Energy Storage System,a0l8e0000010xh8AAA,PRO-003084
Teindland Wind Farm,TEINDLAND WIND FARM LIMITED,Blackhillock substation,,0.0,112.2,112.2,2029-09-28,Awaiting Consents,Direct Connection,SHET,Demand;Wind Onshore,a0l4L0000005iNkQAI,PRO-001821
Templeton BESS,Templeton Battery Storage Limited,Lyndhurst 132/33kV,2,0.0,19.9,49.9,2031-10-31,Scoping,Embedded,SHET,Energy Storage System,a0l8e0000010wQKAAY,PRO-002593-2
Tolkien Solar Farm,Tolkien Solar Farm Limited,Tolkien Farm 132kV Substation,,0.0,200.0,200.0,2033-10-31,Scoping,Direct Connection,SHET,Energy Storage System;PV Array (Photo Voltaic/solar),a0l4L0000005ikfQAA,PRO-002294
Tormsdale Windfarm,ASUK HOLDCO 1 LIMITED,Mybster 3 132/33kV Substation,,0.0,70.0,70.0,2028-06-30,Scoping,Direct Connection,SHET,Energy Storage System;PV Array (Photo Voltaic/solar),a0l4L0000005iRQQAY,PRO-001904
Twinshiels (Tullo 2) Wind Farm,TWINSHIELS WIND FARM LTD,Fiddes GSP,,25.0,0.0,25.0,,Built,Embedded,SHET,Wind Onshore,a0l4L0000005iQqQAI,PRO-000895
Watten Wind Farm,EDF ENERGY RENEWABLES LIMITED,Mybster 3 132/33kV Substation,,0.0,52.8,52.8,2028-06-30,Scoping,Direct Connection,SHET,Wind Onshore,a0l4L0000005iYGQAY,PRO-001928
Woodcock Hill Wind Farm,PERIGUS ENERGY UK LIMITED,Woodcock Hill WF Substation,,0.0,90.0,90.0,2032-10-31,Scoping,Direct Connection,SHET,Energy Storage System;Wind Onshore,a0l8e000001HxcZAAS,PRO-004282
YAMAL BESS,OPDE UK LIMITED,MacDuff 132/33kV GSP Substation,,0.0,50.0,50.0,2033-10-31,Scoping,Embedded,SHET,Energy Storage System,a0lJ9000000PGmHIAW,PRO-005918
Abhainn Dubh Wind Farm,E Power Limited,Abhainn Dubh Wind Farm 132kV Substation,,0.0,75.0,75.0,2029-05-31,Scoping,Direct Connection,SHET,Wind Onshore,a0l4L0000005ivFQAQ,PRO-002272
Achies BESS,IGP ENERGY STORAGE 5 LIMITED,New Spittal 275kV Substation,,0.0,200.0,200.0,2037-10-31,Scoping,Direct Connection,SHET,Energy Storage System,a0lJ9000000POVhIAO,PRO-006050
A'Chruach Wind Farm,A'CHRUACH WIND FARM LIMITED,A'Chruach Wind Farm 275kV Substation,,43.0,0.0,43.0,,Built,Direct Connection,SHET,Wind Onshore,a0l4L0000005itEQAQ,PRO-000005
Alcemi Midmill BESS,ALCEMI STORAGE DEVELOPMENTS 2 LIMITED,Kintore 275kV,,0.0,300.0,300.0,2029-12-31,Scoping,Direct Connection,SHET,Energy Storage System,a0l4L0000005iaAQAQ,PRO-002014
Alcemi Score Battery Energy Storage Facility,ALCEMI STORAGE DEVELOPMENTS 5 LIMITED,ALCEMI SCORE BATTERY ENERGY STORAGE FACILITY 400KV SUBSTATION,,0.0,500.0,500.0,2029-10-31,Scoping,Direct Connection,SHET,Energy Storage System,a0l4L0000005izQQAQ,PRO-001575
Allt an Tuir Renewable Energy Park,ALLT AN TUIR RENEWABLE ENERGY PARK LIMITED,Shin 1 GSP,,0.0,50.0,50.0,2031-06-30,Scoping,Embedded,SHET,Energy Storage System;PV Array (Photo Voltaic/solar);Wind Onshore,a0l4L0000005iNjQAI,PRO-001819
Altnabreac Windfarm,ALTNABREAC WIND FARM LIMITED,Connagill 275kV Substation,,0.0,130.0,130.0,2032-10-31,Scoping,Direct Connection,SHET,Energy Storage System;Wind Onshore,a0lJ9000000blmcIAA,PRO-004941
Ardonald Wind Farm,Ardonald Renewables Limited,New North East 275kV Substation,,0.0,200.0,200.0,2033-10-31,Scoping,Direct Connection,SHET,Energy Storage System;PV Array (Photo Voltaic/solar);Wind Onshore,a0l8e0000011xxpAAA,PRO-003491
ARVEN OFFSHORE WIND FARM,ARVEN OFFSHORE WIND FARM LIMITED,Northern Shetland 400kV Substation,,0.0,1800.0,1800.0,2033-10-31,Scoping,Direct Connection,SHET,Wind Offshore,a0l8e000000TPOFAA4,PRO-003288
Aultmore Wind Farm (2023),VATTENFALL WIND POWER LTD,Aultmore Wind Farm 132/33kV Substation,,0.0,105.0,105.0,2030-09-30,Scoping,Direct Connection,SHET,Energy Storage System;Wind Onshore,a0l8e000000f6JjAAI,PRO-003975
Ayre (ex Cluaran Ear - Thuath) Offshore Wind Farm,AYRE OFFSHORE WIND FARM LIMITED,Banniskirk 400kV Substation,,0.0,1008.0,1008.0,2033-10-31,Awaiting Consents,Direct Connection,SHET,Wind Offshore,a0l4L0000005ix0QAA,PRO-002100
Baillie Wind Farm,BAILLIE WINDFARM LIMITED,Dounreay GSP,,52.5,0.0,52.5,,Built,Embedded,SHET,Wind Onshore,a0l4L0000005iUqQAI,PRO-000020
Balvedavist 162 Battery Storage,S4N SPITTAL LTD,Spittal 132kV Substation,,0.0,162.0,162.0,2030-10-31,Awaiting Consents,Direct Connection,SHET,Energy Storage System;PV Array (Photo Voltaic/solar),a0l4L0000005iaJQAQ,PRO-002024
Battery Point BESS,Point and Sandwick Power Limited,Stornoway GSP,,0.0,25.0,25.0,2030-10-31,Scoping,Embedded,SHET,Energy Storage System,a0l4L0000005iMMQAY,PRO-002335
Beatrice Sync Comp,TINZ PROGRAMME 1 PROJECTCO 3 LIMITED,Beatrice 400kV Substation,,0.0,0.0,0.0,,Built,Direct Connection,SHET,Reactive Compensation,a0l4L0000005ihiQAA,PRO-001757
Beinn Dearg,GALILEO 19 LIMITED,NEW TAYNUILT 132 KV SUBSTATION,,0.0,290.0,290.0,2031-10-31,Scoping,Direct Connection,SHET,Energy Storage System;PV Array (Photo Voltaic/solar);Wind Onshore,a0lJ9000000PM5NIAW,PRO-005936
Bellrock Offshore Wind Farm,Bellrock Offshore Wind Farm Limited,Hurlie 400kV substation,2,0.0,600.0,1800.0,2035-10-31,Scoping,Direct Connection,SHET,Wind Offshore,a0l4L0000005izEQAQ,PRO-001496-2
Berryburn Extension Wind Farm,BB2 WIND FARM LIMITED,Berryburn 275/33kV GSP Substation,,0.0,43.2,43.2,2027-10-31,Consents Approved,Embedded,SHET,Wind Onshore,a0l4L0000005iUGQAY,PRO-001558
Blary Hill Wind Farm,BLARY HILL ENERGY LIMITED,Carradale 1 GSP,,35.0,0.0,35.0,,Built,Embedded,SHET,Wind Onshore,a0l4L0000005iUzQAI,PRO-000038
Bowdun (ex Cluaran Deas Ear) Offshore Wind Farm,BOWDUN OFFSHORE WIND FARM LIMITED,Hurlie 400kV substation,,0.0,1008.0,1008.0,2035-12-31,Awaiting Consents,Direct Connection,SHET,Wind Offshore,a0l4L0000005idoQAA,PRO-002091
Braes of Doune,BRAES OF DOUNE WIND FARM (SCOTLAND) LIMITED,Braco West GSP,,74.0,0.0,74.0,,Built,Embedded,SHET,Wind Onshore,a0l4L0000005iV9QAI,PRO-000084
Breakish Windfarm,Asuk Holdco 2 Limited,Breakish 132kV Substation,1,0.0,50.0,50.0,2029-05-31,Scoping,Direct Connection,SHET,Wind Onshore,a0l4L0000005ikhQAA,PRO-002170-1
Broadford BESS,FIELD DEVCO LTD,Broadford 132kV Substation,,0.0,200.0,200.0,2034-10-31,Scoping,Direct Connection,SHET,Energy Storage System,a0l8e0000012kjsAAA,PRO-004756
Brunt Hill Wind Farm,Brunt Hill Limited,Westfield 132/33kV,,0.0,99.0,99.0,2031-10-31,Awaiting Consents,Direct Connection,SHET,Energy Storage System;Wind Onshore,a0l8e000001Hy5OAAS,PRO-004322
Cairnborrow Wind Energy Hub,BPUWL 29 LIMITED,Cairnford GSP,,0.0,43.2,43.2,2031-10-31,Scoping,Embedded,SHET,Energy Storage System;Wind Onshore,a0l8e0000012eoKAAQ,PRO-004377
Cairnmore Hill Wind Farm,Cairnmore Hill Energy Limited,Thurso South 132/33kV GSP Substation,,0.0,36.0,36.0,2028-05-31,Awaiting Consents,Embedded,SHET,Wind Onshore,a0l4L0000005iRLQAY,PRO-001304
Car Duibh Wind Farm,CAR DUIBH WIND FARM LIMITED,Car Duibh 275kV Substation,,0.0,99.0,99.0,2034-10-31,Awaiting Consents,Direct Connection,SHET,Wind Onshore,a0l4L0000005iMQQAY,PRO-002342
Carseview Road BESS,Vital Energi Solutions Limited,Lunanhead 2 GSP,,0.0,49.9,49.9,2032-10-31,Scoping,Embedded,SHET,Energy Storage System,a0l8e000000TPASAA4,PRO-003169
Cashlie (Part of Killin Cascade Hydro Scheme),SSE GENERATION LIMITED,Cashlie GSP,,11.0,0.0,11.0,,Built,Embedded,SHET,Hydro,a0l4L0000005iV6QAI,PRO-000069
Causeymire 2 Wind Farm,HEADWIND DEVELOPMENT SERVICES LIMITED,Mybster 4 132/33kV GSP Substation,,0.0,39.6,39.6,2034-10-31,Scoping,Embedded,SHET,Wind Onshore,a0l8e0000012kqcAAA,PRO-004778
Ceannacroc (part of the Moriston Cascade),SSE GENERATION LIMITED,Ceannacroc GSP,,20.0,0.0,20.0,,Built,Embedded,SHET,Hydro,a0l4L0000005iV7QAI,PRO-000070
CENOS,FLOTATION ENERGY LIMITED,Peterhead 400kV Substation,,0.0,1350.0,1350.0,2035-10-31,Scoping,Direct Connection,SHET,Demand;Wind Offshore,a0l4L0000005iPEQAY,PRO-001847
Clashindarroch 2,VATTENFALL WIND POWER LTD,Cairnford GSP,,0.0,63.0,63.0,2027-06-04,Under Construction/Commissioning,Embedded,SHET,Wind Onshore,a0l4L0000005iV1QAI,PRO-000041
Cnoc Buidhe Wind Farm,CNOC BUIDHE WIND ENERGY HUB LIMITED,Cnoc Buidhe 132kV/33kV Substation,1,0.0,150.0,150.0,2030-04-02,Scoping,Direct Connection,SHET,Energy Storage System;Wind Onshore,a0l4L0000005idTQAQ,PRO-001672-1
Coachford 400MW BESS,Field Woodhead Ltd,Coachford 400kV Substation,,0.0,400.0,400.0,2033-10-31,Scoping,Direct Connection,SHET,Energy Storage System,a0lJ9000000PDxzIAG,PRO-005097
Corriegarth,CORRIEGARTH WIND ENERGY LIMITED,Corriegarth 132/33kV substation,,69.0,0.0,69.0,,Built,Direct Connection,SHET,Wind Onshore,a0l4L0000005inHQAQ,PRO-000101
Corshellach Battery Energy Storage System,Corshellach Energy Storage Limited,Berryburn 275/33kV GSP Substation,,0.0,49.9,49.9,2028-10-31,Consents Approved,Embedded,SHET,Energy Storage System,a0l4L0000005iXzQAI,PRO-002328
Costa Head,COSTA HEAD WIND FARM LIMITED,Finstown GSP,,0.0,16.32,16.32,2029-04-06,Scoping,Embedded,SHET,Wind Onshore,a0lJ9000000PDyOIAW,PRO-005102
Craig Watch Wind Farm,Craig Watch Wind Farm Limited,CRAIG WATCH WIND FARM 132KV SUBSTATION,,0.0,72.6,72.6,2031-05-15,Awaiting Consents,Direct Connection,SHET,Wind Onshore,a0l4L0000005iyhQAA,PRO-001877
Creachan Wind Farm,RWE Renewables UK Onshore Wind Limited,Creachan Wind Farm 132/33kV Substation,,0.0,79.2,79.2,2030-10-31,Scoping,Direct Connection,SHET,Wind Onshore,a0l8e000000f4yFAAQ,PRO-003906
Creag Riabhach Wind Farm,CREAG RIABHACH WIND FARM LTD,Creag Riabhach 132/33kV Substation,1,92.4,0.0,92.4,,Built,Direct Connection,SHET,Wind Onshore,a0l4L0000005ingQAA,PRO-000109-1
Deanie (part of the Beauly Cascade),SSE GENERATION LIMITED,Deanie GSP,,38.0,0.0,38.0,,Built,Direct Connection,SHET,Hydro,a0l4L0000005imjQAA,PRO-000075
Dell Wind Farm,DELL WIND FARM LIMITED,Dell 132kV Substation,,0.0,49.8,49.8,2030-04-01,Consents Approved,Direct Connection,SHET,Wind Onshore,a0l4L0000005ibPQAQ,PRO-001012
Dounreay BESS,FIELD DEVCO LTD,New Dounreay 400kV substation,,0.0,200.0,200.0,2034-10-31,Scoping,Direct Connection,SHET,Energy Storage System,a0l8e0000012kjJAAQ,PRO-004749
Dunach Wind Farm,GALILEO 04 LIMITED,DUNACH WIND 132KV SUBSTATION,,0.0,100.8,100.8,2034-10-31,Scoping,Direct Connection,SHET,Wind Onshore,a0l8e0000010wf7AAA,PRO-002754
Dunan Hill,PERIGUS ENERGY UK LIMITED,Dunan Hill 400kV substation,,0.0,249.9,249.9,2036-11-11,Scoping,Direct Connection,SHET,Energy Storage System;Wind Onshore,a0l8e0000012gbZAAQ,PRO-004433
Dunmaglass Wind Farm,DUNMAGLASS WIND FARM LIMITED,Dunmaglass 132kV Substation,,94.0,0.0,94.0,,Built,Direct Connection,SHET,Wind Onshore,a0l4L0000005imkQAA,PRO-000076
Earraghail Renewable Energy Development (formerly Skipness & Corranbuie),SCOTTISHPOWER RENEWABLES (UK) LIMITED,Earraghail 275/33KV Substation,,0.0,105.0,105.0,2031-04-01,Scoping,Direct Connection,SHET,Energy Storage System;PV Array (Photo Voltaic/solar);Wind Onshore,a0l4L0000005iePQAQ,PRO-001139
Elchies Wind Farm,ELCHIES WIND LIMITED,Elchies 132/33kV Substation,1,0.0,99.0,99.0,2028-11-30,Scoping,Direct Connection,SHET,Wind Onshore,a0l4L0000005ixhQAA,PRO-000151-1
Elchies Wind Farm,ELCHIES WIND LIMITED,Elchies 132/33kV Substation,2,0.0,71.0,170.0,2028-11-30,Scoping,Direct Connection,SHET,Wind Onshore,a0l4L0000005ixhQAA,PRO-000151-2
Energy Isles,ENERGY ISLES SHETLAND LIMITED,Energy Isles 132kV Substation,,0.0,120.3,120.3,2032-10-30,Consents Approved,Direct Connection,SHET,Wind Onshore,a0l4L0000005imtQAA,PRO-000447
Fasque Windfarm,SCOTTISHPOWER RENEWABLES (UK) LIMITED,Fetteresso 132kV substation,,0.0,105.0,105.0,2031-10-31,Scoping,Direct Connection,SHET,PV Array (Photo Voltaic/solar);Wind Onshore,a0l4L0000005ibSQAQ,PRO-001009
Fearna PSH 2,FEARNA PSH LIMITED,Fearna Pump Storage Hydro 2 400/15kV Substation,,0.0,1495.0,1495.0,2036-11-11,Awaiting Consents,Direct Connection,SHET,Pump Storage,a0l8e0000012ezMAAQ,PRO-004391
Field Kinardochy BESS,Field Kinardochy Ltd,Kinardochy Substation 400/275kV,,0.0,400.0,400.0,2035-10-31,Scoping,Direct Connection,SHET,Energy Storage System,a0lJ9000000PDyYIAW,PRO-005104
Fort Augustus Storage,GLENDOE STORAGE LIMITED,Loch Nan Eun 275/18kV,,0.0,900.0,900.0,2029-10-31,Scoping,Direct Connection,SHET,Energy Storage System,a0l4L0000005ic7QAA,PRO-002063
Freasdail,FREASDAIL ENERGY LIMITED,Crossaig 132kV Substation,,22.2,0.0,22.2,,Built,Direct Connection,SHET,Wind Onshore,a0l4L0000005im3QAA,PRO-000046
Fyrish Battery Storage,Field Fyrish Ltd,Fyrish 132kV Substation,,0.0,200.0,200.0,2029-10-31,Scoping,Direct Connection,SHET,Energy Storage System,a0l8e0000012hngAAA,PRO-004515
Garlogie B-1,GARLOGIE ENERGY CENTRE LIMITED,Garlogie Production B 275/33kV GSP,,0.0,50.0,50.0,2033-10-31,Scoping,Embedded,SHET,Energy Storage System;PV Array (Photo Voltaic/solar),a0l8e0000012jIGAAY,PRO-004640
Garlogie C-1,GARLOGIE ENERGY CENTRE LIMITED,Garlogie Production C 275/33kV GSP,,0.0,50.0,50.0,2033-10-31,Scoping,Embedded,SHET,Energy Storage System;PV Array (Photo Voltaic/solar),a0l8e0000012jIQAAY,PRO-004642
Garlogie C-2,GARLOGIE ENERGY CENTRE LIMITED,Garlogie Production C 275/33kV GSP,,0.0,50.0,50.0,2033-10-31,Scoping,Embedded,SHET,Energy Storage System;PV Array (Photo Voltaic/solar),a0l8e0000012jIVAAY,PRO-004643
Garvary Wind Farm,GARVARY WIND FARM LIMITED,Garvary 132kV Substation,,0.0,222.0,222.0,2028-06-30,Scoping,Direct Connection,SHET,Wind Onshore,a0l4L0000005iyqQAA,PRO-001927
Glendoe,SSE GENERATION LIMITED,Fort Augustus GSP,,99.9,0.0,99.9,,Built,Direct Connection,SHET,Hydro,a0l4L0000005imoQAA,PRO-000081
Glenfiddich West,BORALEX LIMITED,New North East Substation 400kV Substation,,0.0,600.0,600.0,2037-10-31,Scoping,Direct Connection,SHET,Demand;Energy Storage System;Wind Onshore,a0lJ9000000POfHIAW,PRO-006064
Gordonbush Wind Farm,SSE GENERATION LIMITED,Gordonbush GSP,,108.0,0.0,108.0,,Built,Direct Connection,SHET,Wind Onshore,a0l4L0000005ipOQAQ,PRO-000518
Gordonstown Hill Wind Farm,GORDONSTOWN HILL WIND FARM LIMITED,Rothienorman GSP,,12.5,0.0,12.5,,Built,Embedded,SHET,Wind Onshore,a0l4L0000005iRkQAI,PRO-000936
Green Volt Offshore Windfarm,Green Volt Offshore Windfarm Ltd,New Deer 400kV Substation,2,0.0,260.0,560.0,2033-10-31,Scoping,Direct Connection,SHET,Demand;Wind Offshore,a0l4L0000005idDQAQ,PRO-001469-2
Greenburn Wind & BESS,HM GB (WIND) LTD,Coupar Angus 2 GSP,,0.0,49.9,49.9,2031-10-31,Scoping,Embedded,SHET,Energy Storage System;Wind Onshore,a0l8e0000012gLdAAI,PRO-004407
Gresham House Connagill BESS,ENERGYHUBDEVELOPMENTS LIMITED,New Connagill 275/132kV Substation,,0.0,170.0,170.0,2031-10-31,Scoping,Direct Connection,SHET,Energy Storage System,a0l8e000000TPSrAAO,PRO-003434
Griffin Wind Farm,GRIFFIN WIND FARM LIMITED,Griffin 132/33kV Substation,,188.6,0.0,188.6,,Built,Direct Connection,SHET,Wind Onshore,a0l4L0000005ioyQAA,PRO-000169
Halsary Wind Farm,SCOTTISHPOWER RENEWABLES (UK) LIMITED,Mybster 3 33kV Substation,,28.5,0.0,28.5,,Built,Direct Connection,SHET,Wind Onshore,a0l4L0000005ipWQAQ,PRO-000189
Heastabhal Wind Farm,RWE Renewables UK Onshore Wind Limited,Heastabhal Wind Farm Substation 132 KV,,0.0,66.0,66.0,2033-10-31,Scoping,Direct Connection,SHET,Wind Onshore,a0l8e000000TPKIAA4,PRO-003257
Hill of Glaschyle,HILL OF GLASCHYLE RENEWABLES LLP,Berry Burn GSP,,27.6,0.0,27.6,,Built,Embedded,SHET,Wind Onshore,a0l4L0000005iVwQAI,PRO-000253
Hill of Towie/Drummuir,HILL OF TOWIE LIMITED,Drummuir Windfarm at Keith 33kV Grid Supply Point,,48.3,0.0,48.3,,Built,Embedded,SHET,Wind Onshore,a0l4L0000005iVnQAI,PRO-000234
Inveroykel Wind Farm,RWE RENEWABLES UK SWINDON LIMITED,Inveroykel Wind Farm 132kV,,0.0,191.4,191.4,2031-10-31,Scoping,Direct Connection,SHET,Wind Onshore,a0l8e0000010wmDAAQ,PRO-002831
Isenau Four,Isenau Energy Storage Resources Four Limited,Corriemoillie 132/33kV Substation,,0.0,200.0,200.0,2033-10-31,Scoping,Direct Connection,SHET,Energy Storage System,a0l8e0000010xhIAAQ,PRO-003086
Jamesfield Farm Battery Storage,HARMONY JF LIMITED,Abernethy GSP,,30.0,0.0,30.0,,Built,Embedded,SHET,Energy Storage System,a0l4L0000005iOjQAI,PRO-001237
Jamesfield Farm Phase 2 Battery Storage,HARMONY JF LIMITED,Abernethy GSP,,19.0,0.0,19.0,,Built,Embedded,SHET,Energy Storage System,a0l4L0000005iOkQAI,PRO-001236
Keith Solar Farm,KEITH SOLAR PV LIMITED,Keith Solar Farm 275kV Substation,,0.0,150.0,150.0,2028-10-31,Scoping,Direct Connection,SHET,Energy Storage System;PV Array (Photo Voltaic/solar),a0l8e0000010waMAAQ,PRO-002699
Keithick 16 Solar & BESS,SIRIUS ECODEV (KEITHICK) LTD,Coupar Angus 132/33kV GSP,,0.0,16.0,16.0,2026-06-30,Consents Approved,Embedded,SHET,Energy Storage System;PV Array (Photo Voltaic/solar),a0l4L0000005iQXQAY,PRO-001890
Kilbraur Wind Farm,KILBRAUR WIND ENERGY LIMITED,Kilbraur Wind Farm Substation,,67.0,0.0,67.0,,Built,Direct Connection,SHET,Wind Onshore,a0l4L0000005iqgQAA,PRO-000226
Killean Wind Farm,Renewable Energy Systems Limited,CARRADALE 3 132/33KV GRID SUPPLY POINT SUBSTATION,,0.0,60.0,60.0,2034-10-31,Scoping,Embedded,SHET,Wind Onshore,a0lJ9000000POB6IAO,PRO-006009
Kincraig Energy Centre,KINCRAIG ENERGY CENTRE LIMITED,Dyce 132/33kV GSP,,0.0,20.62,20.62,2025-04-30,Under Construction/Commissioning,Embedded,SHET,Energy Storage System;PV Array (Photo Voltaic/solar),a0l4L0000005iUaQAI,PRO-001810
Kirkan Wind Farm,KIRKAN WIND FARM LIMITED,Corriemoillie 2 400/132kV Substation,,0.0,81.6,81.6,2033-10-31,Scoping,Direct Connection,SHET,Energy Storage System;Wind Onshore,a0l8e0000012g8WAAQ,PRO-004401
Knocknagael BESS,FIELD KNOCKNAGAEL LTD,Knocknagael 132kV Substation,,0.0,200.0,200.0,2030-10-31,Awaiting Consents,Direct Connection,SHET,Energy Storage System,a0l8e000000exNNAAY,PRO-003712
Kyllachy Wind Farm,WIND ESTATE (UK) LIMITED,Tomatin 132kV Substation Extension,,0.0,91.0,91.0,2037-10-31,Scoping,Direct Connection,SHET,Energy Storage System;Wind Onshore,a0lJ9000000PMIYIA4,PRO-005941
Leuchland Energy Centre B,LEUCHLAND ENERGY CENTRE LIMITED,Leuchland Farm IDNO,,0.0,57.0,57.0,2033-10-31,Scoping,Embedded,SHET,Energy Storage System;PV Array (Photo Voltaic/solar),a0lJ9000000PEOgIAO,PRO-005767
LGB300,LG-B-300,LGB300 400KV Substation,,0.0,600.0,600.0,2031-07-31,Scoping,Direct Connection,SHET,Energy Storage System,a0l8e000000f52SAAQ,PRO-003907
Limekiln Extension 2,BORALEX LIMITED,NEW LIMEKILN 132 KV SUBSTATION,,0.0,171.0,171.0,2037-10-31,Scoping,Direct Connection,SHET,Energy Storage System;Wind Onshore,a0lJ9000000PEG1IAO,PRO-005255
Loch Liath Wind Farm,LOCH LIATH WIND FARM LIMITED,Loch Liath 132/33kV Substation,,0.0,99.0,99.0,2035-10-31,Awaiting Consents,Direct Connection,SHET,Wind Onshore,a0l4L0000005idSQAQ,PRO-001671
Longmorn Energy Park,ELGIN ENERGY ES CO LIMITED,Longmorn Energy Park 275kV Substation,,0.0,300.0,300.0,2031-08-15,Scoping,Direct Connection,SHET,Energy Storage System;PV Array (Photo Voltaic/solar),a0l8e0000010wcrAAA,PRO-002727
Lovat Estate BESS,LG-B-50a Limited,Beauly 132/33 kV GSP Substation,,0.0,49.9,49.9,2026-05-31,Consents Approved,Embedded,SHET,Energy Storage System,a0l8e0000010xRkAAI,PRO-003062
Luichart (part of the Conon Cascade),SSE GENERATION LIMITED,Luichart GSP,,34.0,0.0,34.0,,Built,Direct Connection,SHET,Hydro,a0l4L0000005ip3QAA,PRO-000175
Lynemore Wind Farm,Galileo Empower UK Limited,Lynemore Windfarm 132kV Substation,,0.0,84.0,84.0,2031-10-31,Scoping,Direct Connection,SHET,Wind Onshore,a0l8e000001Hr2cAAC,PRO-004173
Magwind,MAGNORA OFFSHORE WIND N3 LIMITED,Arnish Lewis Hub 400kV Substation,,0.0,495.0,495.0,2033-10-31,Scoping,Direct Connection,SHET,Wind Offshore,a0l4L0000005iisQAA,PRO-001766
Meall Buidhe Wind Farm,MUIRDEN ENERGY LLP,Shin 1 GSP,,0.0,40.0,40.0,2032-10-31,Scoping,Embedded,SHET,Wind Onshore,a0l8e000001HrCyAAK,PRO-004198
Melvich Wind Energy Hub (BEGA),Melvich Wind Energy Hub Limited,Dounreay 2 275/33kV GSP Substation,,0.0,43.2,43.2,2033-10-31,Awaiting Consents,Embedded,SHET,Energy Storage System;Wind Onshore,a0lJ9000000PNyAIAW,PRO-006005
MeyGen Tidal,Meygrid Limited,Gills Bay GSP,2,0.0,43.0,71.0,2028-04-01,Consents Approved,Direct Connection,SHET,Energy Storage System;Tidal,a0l4L0000005isuQAA,PRO-000336-2
Millennium East,Renantis UK Limited,FORT AUGUSTUS 2 400/33kV GRID SUPPLY POINT SUBSTATION,,0.0,49.9,49.9,2035-10-31,Scoping,Embedded,SHET,Wind Onshore,a0l8e000000f7gMAAQ,PRO-004010
Mossford (part of the Conon Cascade),SSE GENERATION LIMITED,Mossford GSP,,18.7,0.0,18.7,,Built,Direct Connection,SHET,Hydro,a0l4L0000005ipQQAQ,PRO-000176
Narachan Wind Farm,ENERGYFARM UK NARACHAN LLP,Carradale 1 GSP,,0.0,72.6,72.6,2030-04-30,Scoping,Embedded,SHET,Wind Onshore,a0l4L0000005iSHQAY,PRO-001926
NatPower Kintore2 Green Energy Park,NP SPV 41 LIMITED,NATPOWER KINTORE 2 GREEN ENERGY PARK 275KV SUBSTATION,,0.0,500.0,500.0,2033-10-31,Scoping,Direct Connection,SHET,Energy Storage System,a0lJ9000000blPHIAY,PRO-004860
NAVAS BESS,OPDE UK LIMITED,Lairg GSP,,0.0,49.9,49.9,2033-10-31,Scoping,Embedded,SHET,Energy Storage System,a0lJ9000000PMW3IAO,PRO-005946
Nether Pitforthie BESS,Opdenergy UK 14 Limited,Fiddes GSP,,0.0,50.0,50.0,2032-10-31,Scoping,Embedded,SHET,Energy Storage System,a0l8e000000TPFcAAO,PRO-003226
New Deer 2 BESS,Field New Deer Ltd,New Deer 2 400kV Substation,,0.0,200.0,200.0,2033-10-31,Scoping,Direct Connection,SHET,Energy Storage System,a0l8e0000012kk2AAA,PRO-004758
New Deer BESS Station,ABBOTSHAUGH ENERGY STORAGE LIMITED,New Deer 2 400kV Substation,,0.0,500.0,500.0,2032-07-30,Scoping,Direct Connection,SHET,Energy Storage System,a0l4L0000005iPMQAY,PRO-001856
North-East Offshore Hybrid Asset,National Grid Interconnector Holdings Limited,Kintore GSP,,0.0,1800.0,1800.0,2037-06-30,Scoping,Direct Connection,SHET,Interconnector;Wind Offshore,a0lJ9000000blmhIAA,PRO-004942
Orrin (part of the Conon Cascade),SSE GENERATION LIMITED,Orrin GSP,,18.0,0.0,18.0,,Built,Direct Connection,SHET,Hydro,a0l4L0000005ipSQAQ,PRO-000178
Ourack Wind Farm,OURACK WIND FARM LLP,Ourack Wind Farm 132/33 kV Substation,,0.0,105.0,105.0,2030-10-31,Scoping,Direct Connection,SHET,Energy Storage System;Wind Onshore,a0l4L0000005izDQAQ,PRO-001490
Overhill BESS,PULSE CLEAN ENERGY SPV WATT LIMITED,Rothienorman 2 400/33kV GSP,,0.0,49.9,49.9,2024-10-31,Consents Approved,Embedded,SHET,Energy Storage System,a0l4L0000005iSuQAI,PRO-001974
Persley Croft BESS,Persley Croft BESS Ltd,Persley 132/33kV GSP Substation,,0.0,50.0,50.0,2026-07-30,Under Construction/Commissioning,Embedded,SHET,Energy Storage System,a0l4L000002yQXEQA2,PRO-002546
Perwinnes,PERWINNES SOLAR AND BATTERY STORAGE LIMITED,Dyce 132/33kV GSP,,0.0,45.0,45.0,2028-10-31,Consents Approved,Embedded,SHET,Energy Storage System;PV Array (Photo Voltaic/solar),a0l4L0000005iYKQAY,PRO-001934
Project Flora Peterhead,JERA NEX BP NORTH EAST LIMITED,Peterhead Grange GSP,,0.0,50.0,50.0,2033-10-31,Scoping,Embedded,SHET,Wind Offshore,a0l8e0000012kiGAAQ,PRO-004741
Quoich (part of the Garry Cascade),SSE GENERATION LIMITED,Quoich GSP,,18.0,0.0,18.0,,Built,Embedded,SHET,Hydro,a0l4L0000005iVaQAI,PRO-000180
Rothienorman Battery,BLACKFORD RENEWABLES LTD,Rothienorman 400kV Substation,,0.0,500.0,500.0,2033-10-31,Scoping,Direct Connection,SHET,Energy Storage System,a0l4L0000005iZ1QAI,PRO-001971
Rothienorman Sync Comp,ROTHIENORMAN GRID SERVICES LIMITED,Rothienorman 400kV Substation,,0.0,0.0,0.0,,Built,Direct Connection,SHET,Reactive Compensation,a0l4L0000005ibtQAA,PRO-001445
Scaraben Offshore Wind Farm,SCARABEN OFFSHORE WIND FARM LIMITED,Longside 132kV Substation,,0.0,100.0,100.0,2033-10-31,Scoping,Direct Connection,SHET,Wind Offshore,a0l4L0000005iulQAA,PRO-002401
Scatsta1 Greener Grid Park,STATKRAFT HYDROGEN UK HOLDING LIMITED,Scatsta 132kV Substation,,0.0,5.0,5.0,2028-10-31,Scoping,Direct Connection,SHET,Energy Storage System,a0l8e0000010wXpAAI,PRO-002669
Seagreen 1 Offshore Wind Farm,Seagreen Wind Energy Limited,Tealing 275/33kV Substation,,1075.0,0.0,1075.0,,Built,Direct Connection,SHET,Wind Offshore,a0l4L0000005ipFQAQ,PRO-000527
Sealtainn Offshore Wind Farm,Shetland Offshore Wind Limited,Northern Shetland 400kV Substation,,0.0,500.0,500.0,2033-10-31,Scoping,Direct Connection,SHET,Wind Offshore,a0l8e0000010wXuAAI,PRO-002670
Sleat Hybrid,GALILEO 13 LIMITED,Broadford GSP,,0.0,100.0,100.0,2034-10-31,Scoping,Direct Connection,SHET,Energy Storage System;Wind Onshore,a0l8e000000f7p3AAA,PRO-004014
Slickly Wind Farm,Slickly Wind Farm Limited,Slickly Wind Farm 132kV Substation,,0.0,114.0,114.0,2029-12-12,Consents Approved,Direct Connection,SHET,Energy Storage System;Wind Onshore,a0l4L0000005ifvQAA,PRO-001517
Sloy G1 and G4,SSE GENERATION LIMITED,Sloy GSP,,72.5,0.0,72.5,,Built,Embedded,SHET,Hydro,a0l4L0000005iVbQAI,PRO-000181
Spiorad Na Mara Offshore Wind Farm,SPIORAD NA MARA LIMITED,Arnish Lewis Hub 400kV Substation,,0.0,900.0,900.0,2030-12-31,Scoping,Direct Connection,SHET,Wind Offshore,a0l4L0000005iNeQAI,PRO-001642
SPITTAL,SPITTAL BATTERY STORAGE LIMITED,Mybster 2 132/33kV Substation,,0.0,49.9,49.9,2030-10-30,Scoping,Embedded,SHET,Energy Storage System,a0l8e000000eww4AAA,PRO-003687
Statkraft SEWF,Statkraft UK Ltd,Orrin GSP,,0.0,100.8,100.8,2033-10-31,Scoping,Direct Connection,SHET,Wind Onshore,a0lJ9000000blMrIAI,PRO-004828
Stirling BESS,ANESCO LIMITED,Peterhead 400kV Substation,,0.0,300.0,300.0,2033-10-31,Scoping,Direct Connection,SHET,Energy Storage System,a0l8e0000012groAAA,PRO-004466
Stoneyfield,WIND 2 LIMITED,Rothienorman GSP,,0.0,15.0,15.0,2030-09-30,Scoping,Embedded,SHET,Wind Onshore,a0l8e0000012hoyAAA,PRO-004531
Stoneygroves PV,Enviromena Project Management UK Limited,Charleston GSP 132/33kV,,0.0,20.0,20.0,2031-10-30,Scoping,Embedded,SHET,PV Array (Photo Voltaic/solar),a0lJ9000000POkcIAG,PRO-006127
Stornoway Wind Farm,STORNOWAY WIND FARM LIMITED,Arnish 275kV Substation,,0.0,180.0,180.0,2030-10-31,Consents Approved,Direct Connection,SHET,Wind Onshore,a0l4L0000005ixYQAQ,PRO-000346
Stracathro BESS,Opdenergy UK 8 Limited,Stracathro BESS 275kV Substation,,0.0,249.0,249.0,2032-06-30,Scoping,Direct Connection,SHET,Demand;Energy Storage System,a0l4L0000005ittQAA,PRO-002392
Strathrory Wind Farm,STRATHRORY WIND FARM LLP,Alness GSP,,0.0,36.0,36.0,2024-03-31,Consents Approved,Embedded,SHET,Wind Onshore,a0l4L0000005iUPQAY,PRO-001812
Strathy South Wind,SSE GENERATION LIMITED,Strathy South 132/33kV Substation,,0.0,207.6,207.6,2030-09-30,Consents Approved,Direct Connection,SHET,Wind Onshore,a0l4L0000005ix6QAA,PRO-000183
Strathy Wood Wind Farm,RWE Renewables UK Onshore Wind Limited,Strathy Wood 132/33kV Substation,1,0.0,54.4,54.4,2026-09-30,Consents Approved,Direct Connection,SHET,Wind Onshore,a0l4L0000005ionQAA,PRO-000154-1
Strathy Wood Wind Farm,RWE Renewables UK Onshore Wind Limited,Strathy Wood 132/33kV Substation,2,0.0,9.1,63.5,2026-09-30,Consents Approved,Direct Connection,SHET,Wind Onshore,a0l4L0000005ionQAA,PRO-000154-2
Stronelairg,STRONELAIRG WIND FARM LIMITED,Stronelairg 132/33kV Substation,,227.8,0.0,227.8,,Built,Direct Connection,SHET,Wind Onshore,a0l4L0000005ipUQAQ,PRO-000184
Taigh an Uillt Energy Storage Park,Springbank Energy Storage Park Limited,ICHRACHAN 132/33KV GRID SUPPLY POINT SUBSTATION,,0.0,49.9,49.9,2035-10-31,Scoping,Embedded,SHET,Energy Storage System,a0lJ9000000PDuHIAW,PRO-005058
Thurso South Synchronous Compensation,THURSO GRID SERVICES LIMITED,Thurso GSP,,0.0,0.0,0.0,,Built,Direct Connection,SHET,Reactive Compensation,a0l4L0000005iapQAA,PRO-001415
Tarland Battery Storage System,Tarland Limited,Tarland GSP,,0.0,20.0,20.0,2026-10-31,Consents Approved,Embedded,SHET,Energy Storage System,a0l4L0000005iRyQAI,PRO-000922
Tarvie Wind Farm,Koehler Renewable Energy UK Limited,Beauly substation 275KV,,0.0,77.0,77.0,2033-10-30,Scoping,Direct Connection,SHET,Energy Storage System;Wind Onshore,a0lJ9000000PEEJIA4,PRO-005149
Tealing Solar & Storage,SIRIUS ECODEV (TEALING) LTD,Tealing IDNO 132/33kV GSP,,0.0,80.0,80.0,2027-10-31,Awaiting Consents,Embedded,SHET,Energy Storage System;PV Array (Photo Voltaic/solar),a0l4L0000005iU1QAI,PRO-001501
Thainstone Energy Park,AGILE ENERGY RECOVERY (INVERURIE) LIMITED,Kintore GSP,,0.0,40.0,40.0,2029-10-30,Consents Approved,Embedded,SHET,Waste,a0l4L0000005iU0QAI,PRO-001493
Tioram Wind Farm,Invenergy Development UK Ltd,NEW CARRADALE 132KV SUBSTATION,,0.0,160.0,160.0,2037-10-31,Scoping,Direct Connection,SHET,Wind Onshore,a0lJ9000000PNJDIA4,PRO-005973
Torr Achilty (part of the Conon Cascade),SSE GENERATION LIMITED,Torr Achilty (Conan Cascade Hydro Scheme),,15.0,0.0,15.0,,Built,Embedded,SHET,Hydro,a0l4L0000005iVcQAI,PRO-000186
Tullymurdoch Wind Farm,TULLYMURDOCH LIMITED,Coupar Angus 132/33kV GSP,,17.5,0.0,17.5,,Built,Embedded,SHET,Wind Onshore,a0l4L0000005iWLQAY,PRO-000313
Viking Wind Farm,VIKING ENERGY WIND FARM LLP,Kergord GSP,,434.0,0.0,434.0,,Built,Direct Connection,SHET,Wind Onshore,a0l4L0000005isvQAA,PRO-000338
Whitehouse BESS station,IGP INTERNATIONAL PROSPECTING LIMITED,Whitehouse 275kV Substation,,0.0,249.0,249.0,2032-07-31,Scoping,Direct Connection,SHET,Demand;Energy Storage System,a0l4L0000005iu6QAA,PRO-002237
Womblehill BESS Farm,RE Projects Development Limited,Womblehill BESS Farm 132kV,,0.0,200.0,200.0,2029-12-31,Scoping,Direct Connection,SHET,Energy Storage System,a0l4L0000005itjQAA,PRO-002197
Zenobe Blackhillock 300 MW,ZENOBE BLACKHILLOCK LIMITED,Blackhillock 275kV Substation,1,200.0,0.0,200.0,,Built,Direct Connection,SHET,Energy Storage System,a0l4L0000005iNTQAY,PRO-001624-1
Zenobe Blackhillock 300 MW,ZENOBE BLACKHILLOCK LIMITED,Blackhillock 275kV Substation,2,0.0,100.0,300.0,2026-04-01,Consents Approved,Direct Connection,SHET,Energy Storage System,a0l4L0000005iNTQAY,PRO-001624-2
Zenobe New Deer Battery Storage,ZENOBE ENERGY LIMITED,New Deer 400kV Substation,,0.0,200.0,200.0,2029-10-31,Scoping,Direct Connection,SHET,Energy Storage System,a0l4L0000005ij3QAA,PRO-001778
Aberarder Extension Wind Farm,Renewable Energy Systems Limited,Aberarder Extension Wind Farm 132/33kV Substation,,0.0,138.0,138.0,2031-04-30,Scoping,Direct Connection,SHET,Energy Storage System;Wind Onshore,a0l8e0000010wQ0AAI,PRO-002589
Aberdeen Offshore Wind Farm,ABERDEEN OFFSHORE WIND FARM LIMITED,Aberdeen Bay 132kV Substation,,95.5,0.0,95.5,,Built,Direct Connection,SHET,Wind Offshore,a0l4L0000005itBQAQ,PRO-000002
Achany Extension Wind Farm,SSE GENERATION LIMITED,ACHANY EXTENSION WIND FARM 132/33KV Substation,,0.0,105.0,105.0,2028-03-30,Awaiting Consents,Direct Connection,SHET,Wind Onshore,a0l4L0000005iiYQAQ,PRO-001555
Alcemi Score 2 Battery Energy Storage Facility,ALCEMI STORAGE DEVELOPMENTS 5 LIMITED,Alcemi Score Battery 400kV Substation,,0.0,500.0,500.0,2029-10-31,Scoping,Direct Connection,SHET,Energy Storage System,a0l4L0000005ikEQAQ,PRO-001790
Allt Domhain Wind Farm,ENERGYFARM ALLT DOMHAIN LTD,CARRADALE 3 132/33KV GRID SUPPLY POINT SUBSTATION,,0.0,64.8,64.8,2035-10-31,Scoping,Embedded,SHET,Wind Onshore,a0lJ9000000POFuIAO,PRO-006015
Alyth,ECODEV (ALYTH) LTD,Alyth Solar and Battery 400/132kV,1,0.0,450.0,450.0,2029-10-31,Scoping,Direct Connection,SHET,Energy Storage System;PV Array (Photo Voltaic/solar),a0l4L0000005iZLQAY,PRO-001978-1
Alyth BESS Station,IGP INTERNATIONAL PROSPECTING LIMITED,ALYTH BESS STATION 400KV SUBSTATION,,0.0,500.0,500.0,2033-10-31,Scoping,Direct Connection,SHET,Energy Storage System,a0l4L0000005j14QAA,PRO-002466
ALYTH ENERGY STORAGE AND SOLAR,PRIVATE ENERGY PARTNERS (UK) LTD,Alyth 400kV Substation,,0.0,400.0,400.0,2033-10-31,Scoping,Direct Connection,SHET,Energy Storage System;PV Array (Photo Voltaic/solar),a0l8e0000012jUGAAY,PRO-004680
An Suidhe Wind Farm - Argyll (SRO),AN SUIDHE WIND FARM LIMITED,Eredine GSP,,19.3,0.0,19.3,,Built,Direct Connection,SHET,Wind Onshore,a0l4L0000005itHQAQ,PRO-000009
Arbroath Battery Substation,ARBROATH LIMITED,Arbroath GSP,,0.0,35.0,35.0,2022-02-21,Consents Approved,Embedded,SHET,Energy Storage System,a0l4L0000005iSwQAI,PRO-000950
Bad a Cheo Wind Farm,RWE RENEWABLES UK SWINDON LIMITED,Mybster 3 33kV Substation,,26.65,0.0,26.65,,Built,Direct Connection,SHET,Wind Onshore,a0l4L0000005ilUQAQ,PRO-000018
Baillie Greener Grid Park,Statkraft UK Ltd,Baillie 275KV Substation,,0.0,48.0,48.0,2030-09-30,Scoping,Direct Connection,SHET,Energy Storage System;Reactive Compensation,a0l4L0000005ig3QAA,PRO-001701
Balliemeanoch PSH,ILI (Borders PSH) Ltd,Balliemeanoch 275kV Substation,,0.0,900.0,900.0,2034-10-31,Scoping,Direct Connection,SHET,Pump Storage,a0l4L0000005iROQAY,PRO-001901
Balnespick Wind Farm,FRED OLSEN RENEWABLES LIMITED,Balnespick Wind Farm 132kV/33kV Substation,,0.0,58.0,58.0,2032-10-31,Scoping,Direct Connection,SHET,Energy Storage System;Wind Onshore,a0lJ9000000PDv0IAG,PRO-005066
Balrobert Farm BESS,ELGIN ENERGY ES CO LIMITED,Knocknagael 132kV Substation,,0.0,150.0,150.0,2032-10-31,Scoping,Direct Connection,SHET,Energy Storage System,a0l8e000001HpUOAA0,PRO-004118
Barns of Wedderburn (ABEI ENERGY GREEN VI),ABEI ENERGY LIMITED,Milton of Craigie GSP,,0.0,18.0,18.0,2033-10-31,Scoping,Embedded,SHET,Energy Storage System;PV Array (Photo Voltaic/solar),a0lJ9000000PDysIAG,PRO-005108
Beatrice Wind Farm,BEATRICE OFFSHORE WINDFARM LIMITED,Beatrice 400kV Substation,,588.0,0.0,588.0,,Built,Direct Connection,SHET,Wind Offshore,a0l4L0000005ilYQAQ,PRO-000025
Beinn an Tuirc 1,SCOTTISHPOWER RENEWABLES (UK) LIMITED,Beinn an Tuirc Substation,,0.0,95.2,95.2,2034-10-31,Scoping,Direct Connection,SHET,Wind Onshore,a0l8e000000f5BiAAI,PRO-003918
Beinn an Tuirc 2,SCOTTISHPOWER RENEWABLES (UK) LIMITED,Carradale 1 GSP,,43.7,0.0,43.7,,Built,Embedded,SHET,Wind Onshore,a0l4L0000005iUuQAI,PRO-000028
Beinn an Tuirc 3,SCOTTISHPOWER RENEWABLES (UK) LIMITED,Carradale 1 GSP,,50.0,0.0,50.0,,Built,Embedded,SHET,Wind Onshore,a0l4L0000005iUvQAI,PRO-000029
Beinn Ghlas,HEADWIND DEVELOPMENT SERVICES LIMITED,Taynuilt GSP,,0.0,57.6,57.6,2034-10-31,Awaiting Consents,Embedded,SHET,Wind Onshore,a0l8e000001HoL3AAK,PRO-004073
Beinn Tharsuinn Repower,SCOTTISHPOWER RENEWABLES (UK) LIMITED,BEINN THURSUNN REPOWER 275/33KV,,0.0,84.0,84.0,2029-10-31,Scoping,Direct Connection,SHET,Wind Onshore,a0l4L0000005iaNQAQ,PRO-001035
Beinneun 2 Windfarm,BEINNEUN 2 LIMITED,Beinneun Windfarm 2,,0.0,144.0,144.0,2037-10-31,Scoping,Direct Connection,SHET,Wind Onshore,a0lJ9000000POVwIAO,PRO-006053
Bellrock Offshore Wind Farm,Bellrock Offshore Wind Farm Limited,Hurlie 400kV substation,1,0.0,1200.0,1200.0,2032-10-31,Scoping,Direct Connection,SHET,Wind Offshore,a0l4L0000005izEQAQ,PRO-001496-1
Bhlaraidh Extension Wind Farm,SSE GENERATION LIMITED,Bhlaraidh 132/33kV Substation,,0.0,100.8,100.8,2029-08-17,Scoping,Direct Connection,SHET,Wind Onshore,a0l4L0000005ilnQAA,PRO-000383
Bilbo Farm,LEL BILBO SOLAR LIMITED,Strichen 132/33kV GSP Substation,1,0.0,25.0,25.0,2024-10-31,Under Construction/Commissioning,Embedded,SHET,Energy Storage System;PV Array (Photo Voltaic/solar),a0l4L0000005iXhQAI,PRO-001301-1
Bilbo Farm,LEL BILBO SOLAR LIMITED,Strichen 132/33kV GSP Substation,2,0.0,42.1,67.1,2033-10-31,Scoping,Embedded,SHET,Energy Storage System;PV Array (Photo Voltaic/solar),a0l4L0000005iXhQAI,PRO-001301-2
Blackhillock Battery,BLACKHILLOCK FLEXPOWER LTD,Blackhillock 400kV Substation,,0.0,349.0,349.0,2028-10-31,Consents Approved,Direct Connection,SHET,Energy Storage System,a0l4L0000005iZ0QAI,PRO-001970
Brae House Farm,QAIR RENEWABLES UK LIMITED,DOUNREAY 2 275 kV SUBSTATION,,0.0,500.0,500.0,2032-07-31,Scoping,Direct Connection,SHET,Energy Storage System,a0l8e000001HxliAAC,PRO-004292
Braegrundie Farm,AEUK BATTERY PROJECT III LTD,Braegrundie Farm 132kV Substation,,0.0,95.0,95.0,2030-06-30,Awaiting Consents,Direct Connection,SHET,Energy Storage System,a0l8e0000012jPXAAY,PRO-004674
Brigton of Ruthven BESS,MORRIS LESLIE LIMITED,Alyth 400kV Substation,,0.0,500.0,500.0,2033-10-31,Scoping,Direct Connection,SHET,Energy Storage System,a0lJ9000000blm8IAA,PRO-004937
Brownieleys,BROWNIELEYS RENEWABLES LLP,Fiddes GSP,,7.5,0.0,7.5,,Built,Embedded,SHET,Wind Onshore,a0l4L0000005iVBQAY,PRO-000086
Burn of Whilk Wind Farm,ENECO BURN OF WHILK LIMITED,Mybster 1 GSP,,22.5,0.0,22.5,,Built,Embedded,SHET,Wind Onshore,a0l4L0000005iVCQAY,PRO-000087
Caithness Energy Storage,BAYWA R.E. UK LIMITED,CAITHNESS ENERGY STORAGE 400KV SUBSTATION,,0.0,456.0,456.0,2034-10-31,Scoping,Direct Connection,SHET,Energy Storage System,a0lJ9000000blibIAA,PRO-004933
Caledonia Offshore Wind Farm,CALEDONIA OFFSHORE WIND FARM LIMITED,Greens 400kV Substation,1,0.0,600.0,600.0,2031-03-31,Scoping,Direct Connection,SHET,Wind Offshore,a0l4L0000005ibmQAA,PRO-001436-1
Caorach,Invenergy Development UK Ltd,Caorach 132 KV Substation,,0.0,81.0,81.0,2033-10-31,Scoping,Direct Connection,SHET,Energy Storage System;Wind Onshore,a0lJ9000000PDqZIAW,PRO-005026
Carn Fearna Wind Farm,Carn Fearna Wind Farm Limited,Carn Fearna Wind Farm 132/33kV Substation,,0.0,85.0,85.0,2030-06-30,Scoping,Direct Connection,SHET,Wind Onshore,a0l4L0000005ivTQAQ,PRO-002231
Cerulean Winds INTOG 1,CERULEAN WINDS LIMITED,Hurlie 400kV substation,,0.0,600.0,600.0,2033-10-31,Awaiting Consents,Direct Connection,SHET,Demand;Wind Offshore,a0l8e000001I31aAAC,PRO-004330
Chleansaid Wind Farm,ESB ASSET DEVELOPMENT UK LIMITED,Chleansaid Wind Farm 132kV Substation,,0.0,96.0,96.0,2028-09-10,Consents Approved,Direct Connection,SHET,Wind Onshore,a0l4L0000005iY6QAI,PRO-001608
Clash Gour,CLASH GOUR WINDFARM HOLDINGS LIMITED,Clash Gour Wind Farm 132kV Substation,,0.0,210.0,210.0,2029-10-30,Awaiting Consents,Direct Connection,SHET,Energy Storage System;Wind Onshore,a0l4L0000005iaaQAA,PRO-001022
Clashindarroch,CLASHINDARROCH WIND FARM LIMITED,Clashindarroch Substation,,37.0,0.0,37.0,,Built,Embedded,SHET,Wind Onshore,a0l4L0000005iV0QAI,PRO-000040
Clashindarroch Windfarm Extension,CLASHINDARROCH WINDFARM EXTENSION LIMITED,Clashindarroch Windfarm Extension 132kV Substation,,0.0,145.2,145.2,2033-10-31,Scoping,Direct Connection,SHET,Wind Onshore,a0l8e0000012kkvAAA,PRO-004769
Clune Wind Farm,Renewable Energy Systems Limited,Clune 132/33 kV Substation,,0.0,187.2,187.2,2030-04-30,Scoping,Direct Connection,SHET,Energy Storage System;Wind Onshore,a0l8e0000012j2rAAA,PRO-004620
Clunie (part of the Clunie Cascade),SSE GENERATION LIMITED,Clunie GSP,,61.2,0.0,61.2,,Built,Direct Connection,SHET,Hydro,a0l4L0000005imgQAA,PRO-000072
Cnoc Buidhe Wind Farm,CNOC BUIDHE WIND ENERGY HUB LIMITED,Cnoc Buidhe 132kV/33kV Substation,2,0.0,70.0,220.0,2034-10-31,Scoping,Direct Connection,SHET,Energy Storage System;Wind Onshore,a0l4L0000005idTQAQ,PRO-001672-2
Coille Beith Wind Farm,COILLE BEITH WIND FARM LIMITED,Oykel Wind Farm 132kV Substation,,0.0,79.2,79.2,2032-10-31,Scoping,Direct Connection,SHET,Wind Onshore,a0l8e0000010wbPAAQ,PRO-002711
Coille Linne,ENERGYFARM UK COILLE LINNE LTD,Coille Linne 132kV Substation,,0.0,113.0,113.0,2037-10-31,Scoping,Direct Connection,SHET,Energy Storage System;Wind Onshore,a0lJ9000000PNK6IAO,PRO-005983
Coire Glas Pumped Storage,COIRE GLAS HYDRO PUMPED STORAGE LIMITED,Coire Glas GSP,2,0.0,684.0,1296.0,2029-10-31,Scoping,Direct Connection,SHET,Pump Storage,a0l4L0000005imhQAA,PRO-000073-2
Contullich BESS,Contullich Energy Storage Limited,Alness 2 275/33 kV GSP Substation,,0.0,45.0,45.0,2030-10-31,Scoping,Embedded,SHET,Energy Storage System,a0l8e000001HxmMAAS,PRO-004300
Correen Hills Wind Farm,EDF ENERGY RENEWABLES LIMITED,Correen Hills Wind Farm 132kV Substation,,0.0,68.4,68.4,2031-09-30,Scoping,Direct Connection,SHET,Wind Onshore,a0l4L0000005iNoQAI,PRO-001825
Corriegarth  2 Wind Farm,CORRIEGARTH 2 WIND FARM LIMITED,Corriegarth 132/33kV substation,,0.0,70.0,70.0,2027-07-31,Scoping,Direct Connection,SHET,Wind Onshore,a0l4L0000005imGQAQ,PRO-000420
Cour Wind Farm,COUR WIND FARM (SCOTLAND ) LIMITED,Crossaig 132kV Substation,,20.5,0.0,20.5,,Built,Direct Connection,SHET,Wind Onshore,a0l4L0000005infQAA,PRO-000106
Creag Dhubh,MUIRDEN ENERGY LLP,Clachan 2 132/33kV GSP Substation,,0.0,38.34,38.34,2030-10-31,Scoping,Embedded,SHET,Wind Onshore,a0l8e000001HrDhAAK,PRO-004206
Creag Riabhach Wind Farm,CREAG RIABHACH WIND FARM LTD,Creag Riabhach 132/33kV Substation,2,0.0,12.6,105.0,2027-07-31,Consents Approved,Direct Connection,SHET,Wind Onshore,a0l4L0000005ingQAA,PRO-000109-2
Culligran (part of the Beauly Cascade),SSE GENERATION LIMITED,Culligran GSP,,19.1,0.0,19.1,,Built,Direct Connection,SHET,Hydro,a0l4L0000005imiQAA,PRO-000074
Deucheran Hill 2 Wind Farm,RWE Renewables UK Onshore Wind Limited,DEUCHERAN HILL 2 132KV SUBSTATION,,0.0,165.0,165.0,2034-10-31,Scoping,Direct Connection,SHET,Energy Storage System;Wind Onshore,a0l8e000001HrYyAAK,PRO-004208
Dorenell Windfarm,DORENELL WINDFARM LIMITED,Dorenell 132/33kV Substation,,177.0,0.0,177.0,,Built,Direct Connection,SHET,Wind Onshore,a0l4L0000005ipKQAQ,PRO-000522
Dorenell Windfarm Extension,DORENELL WINDFARM EXTENSION LIMITED,Dorenell Extension Wind Farm 400kV Substation,,0.0,610.0,610.0,2033-10-31,Scoping,Direct Connection,SHET,Wind Onshore,a0l4L0000005iuPQAQ,PRO-002415
Druim Leathann BEGA,DRUIM LEATHANN WINDFARM LIMITED,Stornoway GSP,,0.0,49.7,49.7,2027-03-31,Scoping,Embedded,SHET,Wind Onshore,a0l4L0000005iSXQAY,PRO-000966
Drum Farm Energy Storage Facility,Field Drum Farm Ltd,Keith 2 132/33kV GSP Substation,,0.0,49.9,49.9,2028-10-31,Consents Approved,Embedded,SHET,Energy Storage System,a0l4L0000005iUAQAY,PRO-001726
Dunmill Energy Storage,Dunmill Energy Storage Limited,Bridge of Dun GSP,,0.0,49.9,49.9,2032-06-30,Scoping,Embedded,SHET,Energy Storage System,a0l8e0000011xZWAAY,PRO-003470
Edinbane Windfarm,VATTENFALL WIND POWER LTD,Edinbane 132/33kV Substation,1,41.4,0.0,41.4,,Built,Direct Connection,SHET,Energy Storage System;Wind Onshore,a0l4L0000005ioIQAQ,PRO-000135-1
Edinbane Windfarm,VATTENFALL WIND POWER LTD,Edinbane 132/33kV Substation,2,0.0,48.6,90.0,2033-04-30,Scoping,Direct Connection,SHET,Energy Storage System;Wind Onshore,a0l4L0000005ioIQAQ,PRO-000135-2
Elgin BESS,GPC 612 Ltd,Elgin GSP,,0.0,30.0,30.0,2028-10-31,Scoping,Embedded,SHET,Energy Storage System,a0l8e0000010wVtAAI,PRO-002650
Eredine Wind Farm,RWE Renewables UK Onshore Wind Limited,An Suidhe 275/33kV,,0.0,105.0,105.0,2029-11-01,Scoping,Direct Connection,SHET,Energy Storage System;Wind Onshore,a0l4L0000005ia2QAA,PRO-002005
Errochty,SSE GENERATION LIMITED,Errochty 132kV Substation,,75.0,0.0,75.0,,Built,Direct Connection,SHET,Hydro,a0l4L0000005ihIQAQ,PRO-001541
Fairburn Extension Wind Farm,SSE Renewables Services (UK) Limited,Fairburn Extension 132/33kV Substation,,0.0,90.0,90.0,2031-10-31,Scoping,Direct Connection,SHET,Wind Onshore,a0l8e000000f7klAAA,PRO-004012
Farm 100MW BESS,Apatura Battery Ltd,Thurso South 275kV Substation,,0.0,100.0,100.0,2033-10-31,Scoping,Direct Connection,SHET,Energy Storage System,a0l8e000000f6J5AAI,PRO-003971
Fauldielaw,Cairn Duhie Energy Limited,Arbroath 2 132/33kV GSP Substation,,0.0,49.9,49.9,2032-10-31,Scoping,Embedded,SHET,PV Array (Photo Voltaic/solar),a0l8e0000012hmYAAQ,PRO-004503
Finlarig,SSE GENERATION LIMITED,Killin 132/11kV Substation,2,0.0,18.5,35.0,2031-11-30,Scoping,Direct Connection,SHET,Hydro,a0l4L0000005immQAA,PRO-000079-2
Forsinain Wind Farm,Forsinain Forest Wind Farm Limited,Connagill 132kV Substation,,0.0,99.0,99.0,2037-10-31,Scoping,Direct Connection,SHET,Wind Onshore,a0lJ9000000POkIIAW,PRO-006123
Livishie (part of the Moriston Cascade),SSE GENERATION LIMITED,Glenmoriston GSP,,18.0,0.0,18.0,,Built,Embedded,SHET,Hydro,a0l4L0000005iVYQAY,PRO-000173
Galileo 07 Limited,GALILEO 07 LIMITED,GALILEO 07 LIMITED 132KV SUBSTATION,,0.0,150.0,150.0,2032-10-31,Scoping,Direct Connection,SHET,Energy Storage System;PV Array (Photo Voltaic/solar);Wind Onshore,a0lJ9000000PDr3IAG,PRO-005029
GALILEO 12 LIMITED,GALILEO 12 LIMITED,Fetteresso 132kV substation,,0.0,150.8,150.8,2033-10-31,Scoping,Direct Connection,SHET,Energy Storage System;PV Array (Photo Voltaic/solar);Wind Onshore,a0lJ9000000blKgIAI,PRO-004804
Garbet Wind Farm,GARBET WIND FARM LLP,Keith 2 132/33kV GSP Substation,,0.0,46.2,46.2,2026-10-31,Consents Approved,Embedded,SHET,Wind Onshore,a0l4L0000005iXVQAY,PRO-001813
Garlogie PV and BESS A-2,GARLOGIE ENERGY CENTRE LIMITED,Garlogie Production A 275/33kV GSP,,0.0,50.0,50.0,2033-10-31,Scoping,Embedded,SHET,Energy Storage System;PV Array (Photo Voltaic/solar),a0l8e0000012jDtAAI,PRO-004637
Glasvaar,E Power Limited,Craig Murrail GSP,,0.0,36.0,36.0,2037-10-31,Scoping,Direct Connection,SHET,Wind Onshore,a0lJ9000000POPHIA4,PRO-006025
Gleann Eoghainn,Renantis UK Limited,Dunvegan 132/33kV Grid Supply Point Substation,,0.0,25.0,25.0,2029-11-30,Scoping,Embedded,SHET,Wind Onshore,a0l4L0000005iQ5QAI,PRO-001275
Glen Earrach PSH,GLEN EARRACH ENERGY LIMITED,Glen Earrach PSH 400kV substation,,0.0,1800.0,1800.0,2035-10-31,Scoping,Direct Connection,SHET,Pump Storage,a0lJ9000000blarIAA,PRO-004903
Glen Ullinish Extension,GLEN ULLINISH WF 2 LTD,Glen Ullinish Extension 132/33kV Substation,,0.0,240.0,240.0,2029-08-31,Awaiting Consents,Direct Connection,SHET,Wind Onshore,a0l4L0000005iYiQAI,PRO-001346
Glendye Wind Farm,GLENDYE WIND FARM LIMITED,Glendye Wind Farm Substation,1,0.0,124.8,124.8,2028-10-31,Scoping,Direct Connection,SHET,Wind Onshore,a0l4L0000005iyyQAA,PRO-001389-1
Glenmoriston (part of the Moriston Cascade),SSE GENERATION LIMITED,Glenmoriston GSP,,40.0,0.0,40.0,,Built,Direct Connection,SHET,Hydro,a0l4L0000005imqQAA,PRO-000083
Glentarken Wind Farm,SSE Renewables Services (UK) Limited,GLENTARKEN WIND FARM 132/33KV SUBSTATION,,0.0,104.0,104.0,2031-11-30,Scoping,Direct Connection,SHET,Wind Onshore,a0l8e00000120NhAAI,PRO-003627
Green Volt Offshore Windfarm,Green Volt Offshore Windfarm Ltd,New Deer 400kV Substation,1,0.0,300.0,300.0,2029-03-31,Scoping,Direct Connection,SHET,Demand;Wind Offshore,a0l4L0000005idDQAQ,PRO-001469-1
Grimshader Wind Farm,RWE Renewables UK Onshore Wind Limited,Grimshader Wind Farm Substation132 KV,,0.0,79.2,79.2,2033-10-31,Scoping,Direct Connection,SHET,Wind Onshore,a0l8e000000TPKNAA4,PRO-003258
Halfway Energy Park,DALRIADA RENEWABLES LIMITED,New East Coast 400kV Substation,,0.0,1000.29,1000.29,2035-10-31,Scoping,Direct Connection,SHET,Energy Storage System;PV Array (Photo Voltaic/solar),a0l8e000001HoBkAAK,PRO-004062
High Brenfield 2,High Brenfield Wind Farm Limited,Craig Murrail GSP,,0.0,20.4,20.4,2034-10-31,Scoping,Embedded,SHET,Wind Onshore,a0lJ9000000blQZIAY,PRO-004876
High Constellation Windfarm,HIGH CONSTELLATION WINDFARM LIMITED,High Constellation 132/33kV Substation,,0.0,50.0,50.0,2028-10-31,Consents Approved,Direct Connection,SHET,Wind Onshore,a0l4L0000005imKQAQ,PRO-000416
Hill of Towie 2 Wind Farm,GREENHILLS 1 LIMITED,Keith 2 132/33kV GSP Substation,,0.0,36.0,36.0,2030-06-01,Consents Approved,Embedded,SHET,Wind Onshore,a0l4L0000005iRiQAI,PRO-000938
Hollandmey Renewable Energy Development,SCOTTISHPOWER RENEWABLES (UK) LIMITED,Hollandmey Renewable Energy Development132/33kV Substation,,0.0,49.5,49.5,2030-05-31,Consents Approved,Direct Connection,SHET,Wind Onshore,a0l4L0000005ibYQAQ,PRO-001094
Hywind Wind Farm,HYWIND (SCOTLAND) LIMITED,Peterhead Grange GSP,,30.0,0.0,30.0,,Built,Embedded,SHET,Energy Storage System;Wind Onshore,a0l4L0000005iXRQAY,PRO-000350
Invergarry (part of the Garry Cascade),SSE GENERATION LIMITED,Invergarry 132kV Substation,,20.0,0.0,20.0,,Built,Direct Connection,SHET,Hydro,a0l4L0000005ip0QAA,PRO-000171
Jamesfield 3,HARMONY ENERGY LIMITED,New Abernethy 132kV,,0.0,50.0,50.0,2037-10-31,Scoping,Direct Connection,SHET,Energy Storage System,a0lJ9000000PNPAIA4,PRO-005991
Kedrum Solar Farm,Rosside Energy Limited,Blackhillock 275kV Substation,,0.0,150.0,150.0,2030-05-30,Awaiting Consents,Direct Connection,SHET,Energy Storage System;PV Array (Photo Voltaic/solar),a0l8e000000TPc0AAG,PRO-003444
Keith 132 Greener Grid Park,KEITH STORAGE SOLUTIONS LIMITED,Keith 132kV Substation,2,0.0,48.0,48.0,2029-04-01,Under Construction/Commissioning,Direct Connection,SHET,Energy Storage System;Reactive Compensation,a0l4L0000005ifTQAQ,PRO-001129-2
Keith Battery Storage,Field Keith Ltd,Keith 1 132/33kV GSP Substation,,0.0,39.0,39.0,2026-10-31,Consents Approved,Embedded,SHET,Energy Storage System,a0l4L0000005iU5QAI,PRO-001742
Keithick Estate,SIRIUS ECODEV (STIRLING) LTD,Coupar Angus 132/33kV GSP,,0.0,49.99,49.99,2026-12-31,Under Construction/Commissioning,Embedded,SHET,Energy Storage System;PV Array (Photo Voltaic/solar),a0l4L0000005iU3QAI,PRO-001732
Kellas Wind Farm,E Power Limited,Kellas Wind Farm 132kV Substation,,0.0,90.0,90.0,2030-10-31,Scoping,Direct Connection,SHET,Wind Onshore,a0l4L0000005iuZQAQ,PRO-002271
Kilbraur North Wind Farm,EDF ENERGY RENEWABLES LIMITED,Kilbraur Wind Farm Substation,,0.0,79.2,79.2,2031-10-31,Scoping,Direct Connection,SHET,Wind Onshore,a0l8e000000f6hCAAQ,PRO-003987
Kincorth BESS,KINCORTH ENERGY STORAGE SYSTEM LTD,Redmoss GSP,,0.0,19.8,19.8,2031-10-31,Scoping,Embedded,SHET,Energy Storage System,a0l8e000001Hxc5AAC,PRO-004281
Kinmuck PV and BESS Station,KINMUCK ENERGY STORAGE LIMITED,Kinmuck BESS 132kV Substation,,0.0,105.0,105.0,2027-05-31,Awaiting Consents,Direct Connection,SHET,Energy Storage System;PV Array (Photo Voltaic/solar),a0l4L0000005ievQAA,PRO-001700
Kirkton Wind Farm,Kirkton Wind Farm Limited,Connagill 275kV Substation,,0.0,60.0,60.0,2028-10-31,Awaiting Consents,Direct Connection,SHET,Wind Onshore,a0l4L0000005ikRQAQ,PRO-001811
Kynachan,Geocore Ltd,Kynachan BESS 132kV Substation,,0.0,300.0,300.0,2035-10-31,Scoping,Direct Connection,SHET,Energy Storage System,a0l8e0000011y7JAAQ,PRO-003502
L48 BESS Burnside,S4 UK DEV LTD,New Deer 2 132kV Substation,,0.0,200.0,200.0,2033-10-31,Scoping,Direct Connection,SHET,Energy Storage System,a0l8e0000010xRpAAI,PRO-003063
Ladyfield Renewable Energy Park,Ladyfield Renewable Energy Park Ltd,Creag Dhubh 275/132/33kV,,0.0,68.0,68.0,2029-10-31,Scoping,Direct Connection,SHET,Energy Storage System,a0l4L0000005ia0QAA,PRO-002002
Lairg II Wind Farm,LAIRG II LLP,Lairg GSP,,0.0,50.0,50.0,2027-07-16,Consents Approved,Direct Connection,SHET,Wind Onshore,a0l4L0000005ibkQAA,PRO-001434
Leuchland Energy Centre A,LEUCHLAND ENERGY CENTRE LIMITED,Leuchland Farm IDNO,,0.0,57.0,57.0,2033-10-31,Scoping,Embedded,SHET,Energy Storage System;PV Array (Photo Voltaic/solar),a0lJ9000000PEOWIA4,PRO-005765
Limekiln,Limekiln Extension Limited,Limekilns 132/33kV substation,1,106.0,0.0,106.0,,Built,Direct Connection,SHET,Energy Storage System;Wind Onshore,a0l4L0000005itVQAQ,PRO-000515-1
Lisa's Battery Storage,POTENCIA ENERGY LIMITED,Mybster 3 132/33kV Substation,,0.0,47.0,47.0,2030-10-31,Awaiting Consents,Direct Connection,SHET,Energy Storage System,a0l8e000000TPNRAA4,PRO-003280
Loch Kemp PSH,LOCH KEMP STORAGE LIMITED,Loch Kemp 275kV Switching Station,,0.0,660.0,660.0,2030-10-31,Scoping,Direct Connection,SHET,Pump Storage,a0l4L0000005iwWQAQ,PRO-002285
Loch na Cathrach Pumped Storage Hydro,STATKRAFT HIGHLANDS PSH LIMITED,Knocknagael 275kV,1,0.0,450.0,450.0,2029-04-30,Consents Approved,Direct Connection,SHET,Pump Storage,a0l4L0000005iqQQAQ,PRO-000570-1
Loch na Cathrach Pumped Storage Hydro,STATKRAFT HIGHLANDS PSH LIMITED,Knocknagael 275kV,2,0.0,100.0,550.0,2030-10-31,Consents Approved,Direct Connection,SHET,Pump Storage,a0l4L0000005iqQQAQ,PRO-000570-2
Lochay (Part of Killin Cascade Hydro Scheme),SSE GENERATION LIMITED,Lochay GSP,1,45.0,0.0,45.0,,Built,Direct Connection,SHET,Hydro,a0l4L0000005ip2QAA,PRO-000174-1
Lochay (Part of Killin Cascade Hydro Scheme),SSE GENERATION LIMITED,Lochay GSP,2,0.0,6.2,51.2,2027-01-01,Under Construction/Commissioning,Direct Connection,SHET,Hydro,a0l4L0000005ip2QAA,PRO-000174-2
Longhaven Energy Storage Centre,Hydrostor UK Ltd,New North East Substation 400kV Substation,,0.0,500.0,500.0,2037-10-31,Scoping,Direct Connection,SHET,Energy Storage System;Pump Storage;Thermal,a0lJ9000000POtaIAG,PRO-006133
Lythmore,QAIR SCOTLAND LIMITED,Thurso South 275kV Substation,,0.0,200.0,200.0,2034-10-31,Scoping,Direct Connection,SHET,Energy Storage System;PV Array (Photo Voltaic/solar),a0lJ9000000PDm6IAG,PRO-005007
Marram Wind Offshore Wind Farm,Marramwind Limited,Longside 400kV Substation,2,0.0,2000.0,3000.0,2033-10-31,Scoping,Direct Connection,SHET,Wind Offshore,a0l4L0000005iaiQAA,PRO-001406-2
Melvich Wind Energy Hub,Melvich Wind Energy Hub Limited,Melvich Community Wind Farm 132/33kV Substation,,0.0,57.6,57.6,2030-04-01,Awaiting Consents,Direct Connection,SHET,Energy Storage System;Wind Onshore,a0l4L0000005iepQAA,PRO-001688
MeyGen Tidal,Meygrid Limited,Gills Bay GSP,1,0.0,28.0,28.0,2027-04-01,Consents Approved,Direct Connection,SHET,Energy Storage System;Tidal,a0l4L0000005isuQAA,PRO-000336-1
MeyGen Tidal,Meygrid Limited,Gills Bay GSP,3,0.0,83.0,154.0,2028-04-01,Awaiting Consents,Direct Connection,SHET,Energy Storage System;Tidal,a0l4L0000005isuQAA,PRO-000336-3
MeyGen Tidal,Meygrid Limited,Gills Bay GSP,4,0.0,83.0,237.0,2028-04-01,Awaiting Consents,Direct Connection,SHET,Energy Storage System;Tidal,a0l4L0000005isuQAA,PRO-000336-4
MeyGen Tidal,Meygrid Limited,Gills Bay GSP,5,0.0,50.0,287.0,2030-10-31,Scoping,Direct Connection,SHET,Energy Storage System;Tidal,a0l4L0000005isuQAA,PRO-000336-5
Millennium Wind,MILLENNIUM WIND ENERGY LIMITED,Millennium GSP,,65.0,0.0,65.0,,Built,Direct Connection,SHET,Wind Onshore,a0l4L0000005ipAQAQ,PRO-000530
Moray East Offshore Wind Farm,MORAY OFFSHORE WINDFARM (EAST) LIMITED,New Deer 400kV Substation,,900.0,0.0,900.0,,Built,Direct Connection,SHET,Wind Offshore,a0l4L0000005ip7QAA,PRO-000533
Mossy Hill Wind Farm,MOSSY HILL SHETLAND LIMITED,Mossy Hill 132kV Substation,,0.0,48.0,48.0,2028-11-30,Consents Approved,Direct Connection,SHET,Demand;Wind Onshore,a0l4L0000005iwmQAA,PRO-000461
Moy Wind Farm,ENECO MOY LIMITED,Inverness GSP,,60.0,0.0,60.0,,Built,Embedded,SHET,Wind Onshore,a0l4L0000005iVmQAI,PRO-000232
Mybster 2 Battery Storage,POTENCIA ENERGY (MYBSTER) LTD,Thurso South 400kV Substation,,0.0,500.0,500.0,2034-10-31,Scoping,Direct Connection,SHET,Energy Storage System,a0l8e0000012gsmAAA,PRO-004479
Nant,SSE GENERATION LIMITED,Nant 132kV Substation,,15.0,0.0,15.0,,Built,Direct Connection,SHET,Hydro,a0l4L0000005ipRQAQ,PRO-000177
Netherton BESS,HARMONY ENERGY LIMITED,Longside 400kV Substation,,0.0,400.0,400.0,2033-10-31,Scoping,Direct Connection,SHET,Energy Storage System,a0l8e0000012j8lAAA,PRO-004626
Ossian 1 Offshore Wind Farm,Ossian Offshore Wind Farm Limited,Brechin 400/275 kV Substation,,0.0,1320.0,1320.0,2033-10-31,Scoping,Direct Connection,SHET,Wind Offshore,a0l4L0000005iecQAA,PRO-001488
OWPL Windfarm,OFFSHORE WIND POWER LIMITED,Banniskirk 400kV Substation,1,0.0,750.0,750.0,2029-12-31,Scoping,Direct Connection,SHET,Wind Offshore,a0l4L0000005iqSQAQ,PRO-000568-1
Peninsula Energy Park,Renantis UK Limited,PENINSULA ENERGY PARK 220kV SUBSTATION,,0.0,249.9,249.9,2035-10-31,Scoping,Direct Connection,SHET,Wind Onshore,a0lJ9000000blsMIAQ,PRO-004961
Peterhead,SSE THERMAL GENERATION (SCOTLAND) LIMITED,Peterhead GSP,,1180.0,0.0,1180.0,,Built,Direct Connection,SHET,CCGT (Combined Cycle Gas Turbine),a0l4L0000005impQAA,PRO-000082
Peterhead PV and BESS Station,ETP UK 2 LTD,New Deer 2 400kV Substation,,0.0,480.0,480.0,2033-10-31,Awaiting Consents,Direct Connection,SHET,Energy Storage System;PV Array (Photo Voltaic/solar),a0l8e0000010wh3AAA,PRO-002775
Pollie Hill Wind Farm,POLLIE HILL WIND FARM LIMITED,POLLIE HILL WIND FARM 132KV SUBSTATION,,0.0,92.4,92.4,2031-10-31,Scoping,Direct Connection,SHET,Wind Onshore,a0l8e000000eybvAAA,PRO-003767
Rattray BESS and Solar Plant,GREENTECH PROJECTS HOLDING UK LIMITED,New North East Substation 400kV Substation,,0.0,300.0,300.0,2037-10-31,Scoping,Direct Connection,SHET,Energy Storage System;PV Array (Photo Voltaic/solar),a0lJ9000000POaOIAW,PRO-006056
Rigifa BESS,FIELD RIGIFA LIMITED,Gills Bay 132kV,,0.0,200.0,200.0,2029-12-12,Scoping,Direct Connection,SHET,Energy Storage System,a0l8e0000010wfRAAQ,PRO-002758
Rowan Wind Energyfarm,ENERGYFARM ROWAN LLP,Rowan 275/33kV Substation,,0.0,90.8,90.8,2034-10-31,Scoping,Direct Connection,SHET,Energy Storage System;Wind Onshore,a0l8e000000f41TAAQ,PRO-003823
Ruith Cnoc,Ruith Cnoc Wind Farm Limited,New Dalchork 132kV Substation,,0.0,158.4,158.4,2037-10-31,Scoping,Direct Connection,SHET,Wind Onshore,a0lJ9000000POuiIAG,PRO-006147
SAGE,SAGE NORTH SEA LIMITED,St Fergus Mobil 132/11kV Substation,,0.0,20.0,20.0,2025-06-30,Scoping,Direct Connection,SHET,Demand;PV Array (Photo Voltaic/solar),a0l4L0000005iybQAA,PRO-002119
Salamander Offshore Wind Farm,SALAMANDER WIND PROJECT COMPANY LIMITED,Peterhead 132KV Substation,,0.0,200.0,200.0,2030-03-31,Scoping,Direct Connection,SHET,Energy Storage System;Wind Offshore,a0l4L0000005ifrQAA,PRO-001512
Sallachy Wind Farm,WKN SALLACHY LIMITED,Cassley GSP,,0.0,49.5,49.5,2028-07-31,Awaiting Consents,Embedded,SHET,Wind Onshore,a0l4L0000005iXPQAY,PRO-002137
Scotsburn Road,TBC 002 LIMITED,Fyrish 275kV Substation,,0.0,170.0,170.0,2030-10-31,Scoping,Direct Connection,SHET,Energy Storage System,a0l4L0000005iM8QAI,PRO-002376
Sheirdrim Wind Farm,SCOTTISHPOWER RENEWABLES (UK) LIMITED,Sheirdrim 132kV Substation,,0.0,84.0,84.0,2032-04-01,Scoping,Direct Connection,SHET,Wind Onshore,a0l4L0000005icwQAA,PRO-001066
Shire End Solar Farm,QAIR SCOTLAND LIMITED,Abernethy 2 GSP,,0.0,20.0,20.0,2033-10-31,Scoping,Embedded,SHET,PV Array (Photo Voltaic/solar),a0lJ9000000blamIAA,PRO-004902
South Powrie Farm,QAIR RENEWABLES UK LIMITED,Tealing 132kV Substation,,0.0,500.0,500.0,2033-10-31,Scoping,Direct Connection,SHET,Energy Storage System,a0l8e000000ViKAAA0,PRO-004353
Spittal BESS,Field Spittal Ltd,Spittal 132kV Substation,,0.0,300.0,300.0,2030-10-31,Scoping,Direct Connection,SHET,Energy Storage System,a0l8e000000TPJoAAO,PRO-003255
St Fergus,IB VOGT UK LTD,St Fergus,,0.0,100.0,100.0,2033-10-31,Scoping,Direct Connection,SHET,Energy Storage System;PV Array (Photo Voltaic/solar),a0l8e0000012hvYAAQ,PRO-004557
Strath Tirry,Strath Tirry Wind Energy 2021 Ltd,Lairg GSP,,0.0,34.8,34.8,2029-12-19,Scoping,Embedded,SHET,Wind Onshore,a0l4L0000005iXpQAI,PRO-001363
Strathy North Wind,STRATHY WIND FARM LIMITED,Strathy North 132/33kV Substation,,67.65,0.0,67.65,,Built,Direct Connection,SHET,Wind Onshore,a0l4L0000005ihRQAQ,PRO-001553
Stromar Offshore Windfarm,Stromar Offshore Wind Farm Limited,Greens 400kV Substation,1,0.0,1000.0,1000.0,2033-10-31,Scoping,Direct Connection,SHET,Wind Offshore,a0l4L0000005izNQAQ,PRO-001530-1
Templeton BESS,Templeton Battery Storage Limited,Lyndhurst 132/33kV,1,0.0,30.0,30.0,2027-10-31,Scoping,Embedded,SHET,Energy Storage System,a0l8e0000010wQKAAY,PRO-002593-1
Thurso South BESS,WP Grid Storage 3 Limited,Thurso South 275kV Substation,,0.0,100.0,100.0,2030-10-31,Scoping,Direct Connection,SHET,Energy Storage System,a0l8e000000ewOOAAY,PRO-003655
Tomchrasky Wind Farm,E Power Limited,Tomchrasky Wind Farm 132kV Substation,,0.0,74.4,74.4,2029-10-31,Scoping,Direct Connection,SHET,Wind Onshore,a0l4L0000005ixoQAA,PRO-002270
Tullo Wind Farm,TULLO WIND FARM LIMITED,Bridge of Dun GSP,,17.0,0.0,17.0,,Built,Embedded,SHET,Wind Onshore,a0l4L0000005iVvQAI,PRO-000252
UPPER GREENFIELDS BESS,S4 UK DEV LTD,New Deer 2 132kV Substation,,0.0,175.0,175.0,2033-10-31,Scoping,Direct Connection,SHET,Energy Storage System,a0l8e000000ewjHAAQ,PRO-003682
West Saval Battery Storage,West Saval Battery Storage Ltd,West Saval Substation 132 kV,,0.0,200.0,200.0,2030-10-31,Scoping,Direct Connection,SHET,Energy Storage System,a0l8e0000011yC5AAI,PRO-003510
West Torrisdale,ESB ASSET DEVELOPMENT UK LIMITED,Carradale 2 132/33kV GSP Substation,,0.0,50.0,50.0,2028-05-31,Scoping,Embedded,SHET,Wind Onshore,a0l4L0000005iT2QAI,PRO-000944
Windburn,WINDBURN WIND FARM LIMITED,Braco West GSP,,0.0,75.0,75.0,2035-10-31,Scoping,Embedded,SHET,Energy Storage System;Wind Onshore,a0l8e0000012kkqAAA,PRO-004768
